State,Question_ID,Question,Answer_ID,Answer,06/01/2025,05/18/2025,05/04/2025,04/20/2025,04/06/2025,03/23/2025,03/09/2025,02/23/2025,02/09/2025,01/26/2025,01/12/2025,12/29/2024,12/15/2024,12/01/2024,11/17/2024,11/03/2024,10/20/2024,10/06/2024,09/22/2024,09/08/2024,08/25/2024,08/11/2024,07/28/2024,07/14/2024,06/30/2024,06/16/2024,06/02/2024,05/19/2024,05/05/2024,04/21/2024,04/07/2024,03/24/2024,03/10/2024,02/25/2024,02/11/2024,01/28/2024,01/14/2024,12/31/2023,12/17/2023,12/03/2023,11/19/2023,11/05/2023,10/22/2023,10/08/2023,09/24/2023,09/10/2023,source_file,08/27/2023,08/13/2023,07/30/2023,07/16/2023,07/02/2023,06/18/2023,06/04/2023,05/21/2023,05/07/2023,04/23/2023,04/09/2023,03/26/2023,03/12/2023,02/26/2023,02/12/2023,01/29/2023,01/15/2023,01/01/2023,12/18/2022,12/04/2022,11/20/2022,11/06/2022,10/23/2022,10/09/2022,09/25/2022,09/11/2022,08/28/2022,08/14/2022,07/31/2022,07/17/2022,Region
AK,7.0,"In the last two weeks, did this business use Artificial Intelligence (AI) in producing goods or services? (Examples of AI: machine learning, natural language processing, virtual agents, voice recognition, etc.)",1.0,Yes,S,S,S,S,S,S,S,S,S,S,S,S,S,S,S,S,S,S,S,S,S,S,S,S,S,S,S,S,S,S,S,S,S,S,S,S,S,S,S,S,S,S,S,S,S,S,State.xlsx,,,,,,,,,,,,,,,,,,,,,,,,,,,,,,,West
AK,7.0,"In the last two weeks, did this business use Artificial Intelligence (AI) in producing goods or services? (Examples of AI: machine learning, natural language processing, virtual agents, voice recognition, etc.)",2.0,No,86.5%,90.6%,86.8%,92.6%,94.5%,88.7%,92.1%,88.7%,88.1%,96.0%,89.7%,94.5%,92.4%,93.9%,92.6%,89.2%,89.6%,95.2%,91.1%,92.6%,89.1%,92.2%,90.3%,89.1%,92.0%,87.6%,92.5%,86.6%,84.4%,84.6%,93.0%,89.6%,90.4%,88.7%,84.4%,81.3%,92.2%,91.5%,86.9%,91.2%,91.5%,91.4%,89.7%,92.8%,95.2%,92.7%,State.xlsx,,,,,,,,,,,,,,,,,,,,,,,,,,,,,,,West
AK,7.0,"In the last two weeks, did this business use Artificial Intelligence (AI) in producing goods or services? (Examples of AI: machine learning, natural language processing, virtual agents, voice recognition, etc.)",3.0,Do not know,S,S,S,S,S,S,S,S,S,S,S,S,S,S,S,S,S,S,S,S,S,S,S,S,S,S,S,S,S,S,S,S,S,S,10.9%,S,S,S,S,S,S,S,S,S,S,S,State.xlsx,,,,,,,,,,,,,,,,,,,,,,,,,,,,,,,West
AK,26.0,"During the next six months, do you think this business will be using Artificial Intelligence (AI) in producing goods or services? (Examples of AI: machine learning, natural language processing, virtual agents, voice recognition, etc.)",1.0,Yes,S,S,S,S,S,S,S,S,S,S,S,S,S,S,S,S,S,S,S,S,S,S,S,S,S,S,S,S,S,9.7%,S,S,S,S,S,S,S,S,S,S,9.1%,S,S,S,S,S,State.xlsx,,,,,,,,,,,,,,,,,,,,,,,,,,,,,,,West
AK,26.0,"During the next six months, do you think this business will be using Artificial Intelligence (AI) in producing goods or services? (Examples of AI: machine learning, natural language processing, virtual agents, voice recognition, etc.)",2.0,No,57.2%,74.5%,77.8%,74.1%,78.6%,74.1%,81.0%,67.1%,75.9%,74.1%,73.7%,76.3%,73.8%,78.0%,78.1%,76.3%,78.7%,80.4%,81.6%,80.0%,75.9%,79.8%,84.8%,76.1%,77.8%,78.7%,79.5%,75.0%,78.1%,67.8%,80.9%,75.4%,81.8%,72.4%,77.1%,68.6%,74.2%,74.5%,73.9%,79.7%,74.9%,77.9%,78.8%,71.7%,79.5%,72.0%,State.xlsx,,,,,,,,,,,,,,,,,,,,,,,,,,,,,,,West
AK,26.0,"During the next six months, do you think this business will be using Artificial Intelligence (AI) in producing goods or services? (Examples of AI: machine learning, natural language processing, virtual agents, voice recognition, etc.)",3.0,Do not know,39.7%,19.4%,15.1%,16.8%,16.7%,16.7%,14.3%,27.2%,19.7%,23.6%,20.3%,16.8%,20.1%,14.3%,14.7%,S,15.0%,14.8%,12.9%,12.2%,18.3%,15.9%,12.8%,17.8%,19.9%,17.3%,13.6%,15.7%,15.0%,22.4%,12.1%,17.9%,12.9%,19.3%,18.3%,25.8%,21.5%,20.0%,22.3%,13.5%,16.0%,15.9%,13.9%,25.3%,16.5%,21.6%,State.xlsx,,,,,,,,,,,,,,,,,,,,,,,,,,,,,,,West
AL,7.0,"In the last two weeks, did this business use Artificial Intelligence (AI) in producing goods or services? (Examples of AI: machine learning, natural language processing, virtual agents, voice recognition, etc.)",1.0,Yes,5.9%,10.2%,5.7%,7.5%,S,5.4%,5.5%,6.0%,3.7%,5.2%,4.1%,3.5%,6.5%,6.4%,3.3%,S,3.9%,2.6%,3.7%,5.8%,S,3.1%,3.8%,3.5%,3.7%,S,S,S,3.0%,3.5%,3.1%,S,S,3.3%,4.3%,3.9%,4.1%,3.3%,S,3.2%,3.9%,S,4.0%,S,S,S,State.xlsx,,,,,,,,,,,,,,,,,,,,,,,,,,,,,,,Southeast
AL,7.0,"In the last two weeks, did this business use Artificial Intelligence (AI) in producing goods or services? (Examples of AI: machine learning, natural language processing, virtual agents, voice recognition, etc.)",2.0,No,86.6%,81.9%,83.5%,83.4%,86.3%,83.3%,84.8%,87.3%,85.6%,86.0%,86.3%,85.8%,87.9%,86.9%,85.3%,91.7%,86.1%,89.2%,88.8%,88.0%,89.0%,90.8%,86.5%,85.9%,85.0%,85.9%,89.6%,88.2%,87.4%,89.6%,86.4%,86.3%,92.9%,87.5%,87.8%,88.7%,85.6%,85.3%,86.6%,86.5%,86.1%,93.0%,91.1%,90.2%,93.9%,84.9%,State.xlsx,,,,,,,,,,,,,,,,,,,,,,,,,,,,,,,Southeast
AL,7.0,"In the last two weeks, did this business use Artificial Intelligence (AI) in producing goods or services? (Examples of AI: machine learning, natural language processing, virtual agents, voice recognition, etc.)",3.0,Do not know,7.5%,7.9%,10.8%,9.1%,9.4%,11.3%,9.6%,6.7%,10.8%,8.7%,9.6%,10.8%,5.6%,6.7%,11.3%,5.7%,10.0%,8.2%,7.5%,6.2%,8.7%,6.1%,9.7%,10.6%,11.3%,11.3%,8.5%,10.5%,9.6%,6.9%,10.5%,11.1%,5.2%,9.2%,7.9%,7.4%,10.3%,11.4%,10.2%,10.4%,10.0%,5.4%,4.9%,7.6%,4.5%,13.1%,State.xlsx,,,,,,,,,,,,,,,,,,,,,,,,,,,,,,,Southeast
AL,26.0,"During the next six months, do you think this business will be using Artificial Intelligence (AI) in producing goods or services? (Examples of AI: machine learning, natural language processing, virtual agents, voice recognition, etc.)",1.0,Yes,10.9%,12.9%,5.8%,8.7%,7.3%,4.7%,7.7%,7.1%,6.1%,6.4%,6.2%,6.5%,7.0%,8.2%,4.3%,3.5%,7.4%,3.5%,6.0%,7.7%,3.8%,5.1%,4.4%,7.8%,4.9%,4.1%,3.6%,S,4.3%,4.4%,4.2%,5.1%,S,4.3%,3.5%,5.0%,5.5%,4.8%,S,3.3%,5.6%,3.8%,4.4%,4.8%,2.9%,3.1%,State.xlsx,,,,,,,,,,,,,,,,,,,,,,,,,,,,,,,Southeast
AL,26.0,"During the next six months, do you think this business will be using Artificial Intelligence (AI) in producing goods or services? (Examples of AI: machine learning, natural language processing, virtual agents, voice recognition, etc.)",2.0,No,69.0%,62.3%,69.6%,69.5%,66.0%,67.6%,63.7%,73.6%,72.3%,72.5%,63.6%,65.6%,70.9%,69.4%,68.4%,75.3%,70.6%,72.7%,71.0%,70.5%,74.5%,76.1%,71.8%,75.1%,71.9%,73.6%,76.6%,76.4%,73.3%,76.3%,76.2%,71.3%,76.2%,76.7%,73.9%,75.7%,71.5%,72.3%,75.8%,77.8%,74.2%,77.5%,79.1%,79.1%,81.1%,74.6%,State.xlsx,,,,,,,,,,,,,,,,,,,,,,,,,,,,,,,Southeast
AL,26.0,"During the next six months, do you think this business will be using Artificial Intelligence (AI) in producing goods or services? (Examples of AI: machine learning, natural language processing, virtual agents, voice recognition, etc.)",3.0,Do not know,20.1%,24.8%,24.6%,21.8%,26.7%,27.7%,28.5%,19.3%,21.6%,21.1%,30.1%,27.9%,22.1%,22.4%,27.4%,21.2%,22.0%,23.8%,23.1%,21.9%,21.6%,18.8%,23.8%,17.1%,23.2%,22.2%,19.8%,21.5%,22.4%,19.2%,19.6%,23.5%,20.6%,19.0%,22.6%,19.3%,23.0%,22.9%,22.3%,18.8%,20.1%,18.7%,16.5%,16.1%,16.0%,22.3%,State.xlsx,,,,,,,,,,,,,,,,,,,,,,,,,,,,,,,Southeast
AR,7.0,"In the last two weeks, did this business use Artificial Intelligence (AI) in producing goods or services? (Examples of AI: machine learning, natural language processing, virtual agents, voice recognition, etc.)",1.0,Yes,S,7.1%,S,S,S,9.8%,5.3%,S,S,S,S,5.8%,S,S,S,S,S,5.0%,S,5.8%,S,S,S,S,S,5.8%,S,S,S,4.8%,S,4.0%,S,S,S,S,S,S,S,S,5.3%,S,S,4.6%,S,S,State.xlsx,,,,,,,,,,,,,,,,,,,,,,,,,,,,,,,Southeast
AR,7.0,"In the last two weeks, did this business use Artificial Intelligence (AI) in producing goods or services? (Examples of AI: machine learning, natural language processing, virtual agents, voice recognition, etc.)",2.0,No,86.9%,81.4%,89.6%,88.8%,88.3%,83.9%,88.7%,86.4%,90.7%,87.0%,89.3%,87.0%,93.3%,89.7%,90.1%,94.0%,94.1%,88.0%,89.7%,86.5%,92.2%,92.5%,88.7%,86.9%,88.2%,86.9%,93.0%,88.4%,88.9%,88.7%,89.7%,90.4%,88.0%,92.9%,85.7%,89.0%,86.6%,86.7%,88.1%,85.3%,88.1%,91.9%,96.1%,91.5%,88.8%,92.7%,State.xlsx,,,,,,,,,,,,,,,,,,,,,,,,,,,,,,,Southeast
AR,7.0,"In the last two weeks, did this business use Artificial Intelligence (AI) in producing goods or services? (Examples of AI: machine learning, natural language processing, virtual agents, voice recognition, etc.)",3.0,Do not know,S,11.5%,S,6.8%,S,6.3%,6.0%,7.4%,7.7%,8.8%,S,7.1%,S,6.0%,7.2%,S,S,7.0%,6.9%,7.7%,S,4.3%,8.3%,9.6%,7.4%,7.3%,4.8%,8.3%,7.3%,6.5%,6.1%,5.6%,9.8%,4.8%,11.4%,8.0%,9.8%,10.0%,8.6%,11.8%,6.7%,5.5%,S,3.9%,8.0%,7.1%,State.xlsx,,,,,,,,,,,,,,,,,,,,,,,,,,,,,,,Southeast
AR,26.0,"During the next six months, do you think this business will be using Artificial Intelligence (AI) in producing goods or services? (Examples of AI: machine learning, natural language processing, virtual agents, voice recognition, etc.)",1.0,Yes,5.2%,7.2%,8.8%,5.5%,7.7%,9.2%,7.2%,7.3%,S,5.7%,7.4%,9.0%,6.3%,S,5.6%,S,6.3%,7.8%,5.5%,6.8%,7.7%,3.4%,6.1%,S,5.2%,7.0%,S,S,5.2%,5.3%,6.1%,5.0%,4.5%,5.9%,S,4.3%,S,S,4.7%,S,5.4%,S,S,5.7%,5.3%,S,State.xlsx,,,,,,,,,,,,,,,,,,,,,,,,,,,,,,,Southeast
AR,26.0,"During the next six months, do you think this business will be using Artificial Intelligence (AI) in producing goods or services? (Examples of AI: machine learning, natural language processing, virtual agents, voice recognition, etc.)",2.0,No,66.5%,68.4%,64.6%,71.9%,63.6%,70.8%,71.3%,71.7%,69.7%,70.1%,72.3%,69.2%,65.4%,74.6%,74.9%,78.5%,75.3%,71.2%,73.9%,69.5%,74.4%,76.2%,77.8%,69.0%,78.0%,69.6%,72.9%,70.6%,74.8%,77.2%,77.8%,76.6%,74.7%,74.7%,77.9%,76.9%,75.5%,75.0%,77.9%,75.3%,78.2%,78.8%,82.1%,74.2%,73.6%,82.5%,State.xlsx,,,,,,,,,,,,,,,,,,,,,,,,,,,,,,,Southeast
AR,26.0,"During the next six months, do you think this business will be using Artificial Intelligence (AI) in producing goods or services? (Examples of AI: machine learning, natural language processing, virtual agents, voice recognition, etc.)",3.0,Do not know,28.4%,24.3%,26.6%,22.6%,28.6%,20.0%,21.4%,21.0%,25.6%,24.2%,20.2%,21.9%,28.3%,21.7%,19.5%,18.1%,18.4%,20.9%,20.6%,23.8%,17.9%,20.4%,16.1%,28.0%,16.9%,23.4%,22.7%,25.0%,20.0%,17.5%,16.1%,18.4%,20.8%,19.4%,19.3%,18.8%,22.2%,22.1%,17.4%,21.8%,16.4%,18.6%,14.7%,20.1%,21.1%,16.1%,State.xlsx,,,,,,,,,,,,,,,,,,,,,,,,,,,,,,,Southeast
AZ,7.0,"In the last two weeks, did this business use Artificial Intelligence (AI) in producing goods or services? (Examples of AI: machine learning, natural language processing, virtual agents, voice recognition, etc.)",1.0,Yes,13.3%,12.6%,5.9%,11.0%,9.8%,8.8%,10.2%,8.5%,6.2%,7.1%,6.7%,6.1%,8.4%,7.5%,6.3%,8.0%,7.1%,6.1%,8.1%,9.4%,5.3%,5.3%,6.8%,7.6%,4.9%,6.0%,6.3%,6.2%,5.0%,4.8%,6.8%,5.2%,4.8%,4.8%,7.6%,5.6%,5.7%,5.3%,5.8%,6.4%,6.4%,5.5%,5.6%,6.8%,4.4%,5.1%,State.xlsx,,,,,,,,,,,,,,,,,,,,,,,,,,,,,,,Southwest
AZ,7.0,"In the last two weeks, did this business use Artificial Intelligence (AI) in producing goods or services? (Examples of AI: machine learning, natural language processing, virtual agents, voice recognition, etc.)",2.0,No,81.8%,81.9%,89.5%,81.1%,83.3%,85.7%,84.3%,85.8%,87.0%,85.4%,88.4%,91.2%,87.0%,87.0%,89.3%,86.4%,89.8%,91.5%,86.7%,86.0%,89.3%,89.3%,86.4%,84.6%,89.8%,86.2%,87.9%,87.9%,88.3%,89.9%,88.5%,88.5%,88.0%,88.7%,83.5%,85.2%,86.6%,87.2%,86.3%,83.3%,85.7%,90.2%,89.6%,87.9%,90.3%,89.0%,State.xlsx,,,,,,,,,,,,,,,,,,,,,,,,,,,,,,,Southwest
AZ,7.0,"In the last two weeks, did this business use Artificial Intelligence (AI) in producing goods or services? (Examples of AI: machine learning, natural language processing, virtual agents, voice recognition, etc.)",3.0,Do not know,4.9%,5.6%,4.6%,7.9%,6.8%,5.5%,5.5%,5.7%,6.8%,7.5%,5.0%,2.7%,4.7%,5.5%,4.4%,5.6%,3.1%,2.4%,5.2%,4.6%,5.4%,5.4%,6.7%,7.8%,5.3%,7.8%,5.9%,5.9%,6.7%,5.4%,4.8%,6.3%,7.1%,6.5%,8.9%,9.2%,7.7%,7.5%,7.9%,10.4%,7.9%,4.3%,4.8%,5.3%,5.3%,5.9%,State.xlsx,,,,,,,,,,,,,,,,,,,,,,,,,,,,,,,Southwest
AZ,26.0,"During the next six months, do you think this business will be using Artificial Intelligence (AI) in producing goods or services? (Examples of AI: machine learning, natural language processing, virtual agents, voice recognition, etc.)",1.0,Yes,14.8%,17.3%,8.8%,14.7%,12.6%,10.8%,13.6%,12.4%,7.7%,10.8%,9.6%,7.9%,11.4%,11.2%,7.0%,11.5%,10.7%,9.8%,12.0%,13.3%,7.6%,9.7%,9.9%,10.4%,8.4%,6.7%,6.4%,7.7%,7.4%,8.1%,8.6%,8.2%,7.6%,6.0%,8.6%,6.2%,7.4%,7.3%,7.9%,7.5%,9.9%,9.4%,8.1%,10.0%,8.2%,8.5%,State.xlsx,,,,,,,,,,,,,,,,,,,,,,,,,,,,,,,Southwest
AZ,26.0,"During the next six months, do you think this business will be using Artificial Intelligence (AI) in producing goods or services? (Examples of AI: machine learning, natural language processing, virtual agents, voice recognition, etc.)",2.0,No,59.8%,61.2%,66.4%,64.3%,65.5%,65.2%,67.0%,62.2%,69.2%,64.7%,69.0%,72.6%,67.4%,62.5%,71.5%,66.4%,70.2%,69.7%,64.1%,67.5%,72.1%,70.0%,66.6%,67.5%,72.1%,68.7%,73.3%,73.0%,68.6%,70.0%,75.0%,70.9%,72.4%,72.2%,66.8%,68.6%,71.3%,70.1%,73.2%,69.6%,70.1%,72.2%,74.3%,73.3%,73.3%,71.9%,State.xlsx,,,,,,,,,,,,,,,,,,,,,,,,,,,,,,,Southwest
AZ,26.0,"During the next six months, do you think this business will be using Artificial Intelligence (AI) in producing goods or services? (Examples of AI: machine learning, natural language processing, virtual agents, voice recognition, etc.)",3.0,Do not know,25.3%,21.5%,24.9%,20.9%,21.8%,24.0%,19.4%,25.4%,23.0%,24.5%,21.3%,19.5%,21.3%,26.3%,21.5%,22.2%,19.1%,20.5%,23.9%,19.2%,20.3%,20.3%,23.5%,22.1%,19.5%,24.6%,20.3%,19.3%,24.0%,21.9%,16.4%,20.9%,20.0%,21.8%,24.6%,25.3%,21.3%,22.6%,18.9%,22.9%,20.0%,18.5%,17.5%,16.7%,18.5%,19.6%,State.xlsx,,,,,,,,,,,,,,,,,,,,,,,,,,,,,,,Southwest
CA,7.0,"In the last two weeks, did this business use Artificial Intelligence (AI) in producing goods or services? (Examples of AI: machine learning, natural language processing, virtual agents, voice recognition, etc.)",1.0,Yes,11.5%,9.4%,9.8%,9.3%,10.1%,8.6%,9.3%,8.5%,9.0%,7.7%,7.0%,7.0%,7.3%,6.4%,8.0%,7.2%,7.3%,7.4%,6.7%,6.9%,7.3%,7.0%,6.5%,6.4%,6.3%,5.9%,5.0%,6.0%,5.5%,5.9%,5.9%,5.0%,4.6%,5.8%,6.6%,6.2%,6.4%,6.3%,5.9%,6.1%,5.8%,5.7%,4.9%,4.7%,4.4%,4.9%,State.xlsx,,,,,,,,,,,,,,,,,,,,,,,,,,,,,,,West
CA,7.0,"In the last two weeks, did this business use Artificial Intelligence (AI) in producing goods or services? (Examples of AI: machine learning, natural language processing, virtual agents, voice recognition, etc.)",2.0,No,79.6%,82.1%,80.7%,81.4%,83.1%,82.3%,81.6%,83.7%,83.0%,81.7%,85.8%,84.5%,85.6%,86.8%,85.1%,85.0%,85.8%,85.5%,85.9%,86.5%,86.7%,84.9%,82.9%,83.0%,83.9%,84.0%,85.8%,85.0%,84.5%,85.1%,84.9%,86.1%,86.1%,84.7%,78.9%,79.9%,81.0%,81.1%,79.9%,81.1%,85.3%,85.2%,88.2%,87.1%,87.1%,87.3%,State.xlsx,,,,,,,,,,,,,,,,,,,,,,,,,,,,,,,West
CA,7.0,"In the last two weeks, did this business use Artificial Intelligence (AI) in producing goods or services? (Examples of AI: machine learning, natural language processing, virtual agents, voice recognition, etc.)",3.0,Do not know,8.9%,8.5%,9.6%,9.3%,6.8%,9.2%,9.1%,7.9%,8.0%,10.6%,7.3%,8.6%,7.1%,6.8%,6.9%,7.8%,6.9%,7.1%,7.4%,6.7%,6.0%,8.2%,10.6%,10.6%,9.7%,10.1%,9.2%,9.0%,9.9%,9.0%,9.1%,8.9%,9.3%,9.6%,14.4%,13.9%,12.6%,12.6%,14.1%,12.9%,9.0%,9.1%,6.8%,8.3%,8.5%,7.8%,State.xlsx,,,,,,,,,,,,,,,,,,,,,,,,,,,,,,,West
CA,26.0,"During the next six months, do you think this business will be using Artificial Intelligence (AI) in producing goods or services? (Examples of AI: machine learning, natural language processing, virtual agents, voice recognition, etc.)",1.0,Yes,14.5%,12.5%,12.7%,12.0%,12.7%,11.9%,12.5%,11.2%,11.7%,10.9%,9.9%,10.7%,10.7%,9.9%,11.0%,10.3%,10.8%,10.3%,10.5%,10.2%,10.7%,9.7%,8.9%,8.6%,8.5%,8.5%,7.0%,8.6%,8.2%,8.2%,8.5%,7.9%,7.4%,8.2%,8.1%,8.1%,8.1%,8.4%,8.2%,7.7%,9.3%,8.3%,8.4%,7.9%,7.3%,8.1%,State.xlsx,,,,,,,,,,,,,,,,,,,,,,,,,,,,,,,West
CA,26.0,"During the next six months, do you think this business will be using Artificial Intelligence (AI) in producing goods or services? (Examples of AI: machine learning, natural language processing, virtual agents, voice recognition, etc.)",2.0,No,60.9%,61.7%,59.9%,62.0%,62.8%,62.0%,62.2%,63.7%,63.2%,61.5%,63.9%,63.9%,65.3%,65.0%,63.8%,64.2%,66.0%,64.4%,66.3%,65.7%,66.4%,65.9%,65.5%,66.3%,66.7%,67.6%,68.0%,68.0%,66.7%,67.4%,67.4%,68.8%,68.4%,67.6%,63.5%,65.4%,63.7%,66.4%,65.1%,66.1%,67.8%,69.2%,69.2%,69.2%,70.1%,69.2%,State.xlsx,,,,,,,,,,,,,,,,,,,,,,,,,,,,,,,West
CA,26.0,"During the next six months, do you think this business will be using Artificial Intelligence (AI) in producing goods or services? (Examples of AI: machine learning, natural language processing, virtual agents, voice recognition, etc.)",3.0,Do not know,24.6%,25.8%,27.4%,26.0%,24.5%,26.1%,25.3%,25.2%,25.1%,27.6%,26.2%,25.4%,24.0%,25.1%,25.2%,25.5%,23.2%,25.3%,23.2%,24.0%,22.9%,24.4%,25.6%,25.1%,24.8%,23.9%,25.0%,23.4%,25.2%,24.4%,24.1%,23.3%,24.2%,24.2%,28.4%,26.5%,28.1%,25.2%,26.7%,26.2%,22.9%,22.5%,22.4%,23.0%,22.6%,22.8%,State.xlsx,,,,,,,,,,,,,,,,,,,,,,,,,,,,,,,West
CO,7.0,"In the last two weeks, did this business use Artificial Intelligence (AI) in producing goods or services? (Examples of AI: machine learning, natural language processing, virtual agents, voice recognition, etc.)",1.0,Yes,14.5%,10.1%,11.9%,10.2%,12.7%,9.0%,11.8%,6.4%,11.2%,5.6%,10.7%,7.5%,9.3%,7.1%,7.3%,7.5%,7.6%,6.5%,6.8%,8.0%,7.3%,7.5%,6.6%,6.9%,6.6%,8.8%,5.8%,6.9%,5.3%,8.5%,6.3%,6.1%,6.1%,6.6%,6.0%,9.0%,7.9%,6.3%,5.5%,9.4%,5.6%,8.1%,5.6%,6.1%,4.2%,5.3%,State.xlsx,,,,,,,,,,,,,,,,,,,,,,,,,,,,,,,West
CO,7.0,"In the last two weeks, did this business use Artificial Intelligence (AI) in producing goods or services? (Examples of AI: machine learning, natural language processing, virtual agents, voice recognition, etc.)",2.0,No,77.6%,84.5%,80.2%,80.5%,81.0%,84.9%,82.4%,86.8%,81.1%,84.4%,83.3%,85.4%,85.0%,85.7%,87.5%,86.8%,87.0%,89.2%,89.3%,86.6%,86.5%,86.9%,84.9%,85.0%,82.8%,83.7%,86.4%,84.6%,86.4%,85.1%,84.9%,86.6%,87.2%,84.4%,82.5%,81.7%,83.3%,85.2%,85.3%,80.8%,87.3%,86.7%,88.8%,88.9%,90.8%,89.4%,State.xlsx,,,,,,,,,,,,,,,,,,,,,,,,,,,,,,,West
CO,7.0,"In the last two weeks, did this business use Artificial Intelligence (AI) in producing goods or services? (Examples of AI: machine learning, natural language processing, virtual agents, voice recognition, etc.)",3.0,Do not know,7.9%,5.5%,7.9%,9.3%,6.3%,6.0%,5.8%,6.8%,7.7%,10.0%,6.0%,7.1%,5.7%,7.2%,5.2%,5.7%,5.4%,4.3%,3.9%,5.4%,6.2%,5.6%,8.5%,8.1%,10.7%,7.5%,7.8%,8.5%,8.3%,6.3%,8.7%,7.3%,6.7%,9.0%,11.4%,9.3%,8.8%,8.5%,9.2%,9.9%,7.2%,5.3%,5.6%,5.0%,5.0%,5.2%,State.xlsx,,,,,,,,,,,,,,,,,,,,,,,,,,,,,,,West
CO,26.0,"During the next six months, do you think this business will be using Artificial Intelligence (AI) in producing goods or services? (Examples of AI: machine learning, natural language processing, virtual agents, voice recognition, etc.)",1.0,Yes,16.6%,14.4%,15.1%,10.7%,14.1%,11.8%,13.4%,9.6%,13.5%,8.7%,13.9%,11.8%,13.0%,8.9%,12.0%,9.9%,11.2%,10.9%,10.9%,11.6%,10.8%,11.1%,8.6%,9.1%,10.3%,11.2%,8.6%,8.8%,8.2%,10.8%,9.8%,9.8%,9.8%,9.2%,8.6%,9.4%,9.8%,8.8%,7.3%,11.0%,10.2%,11.3%,9.7%,10.2%,6.6%,8.4%,State.xlsx,,,,,,,,,,,,,,,,,,,,,,,,,,,,,,,West
CO,26.0,"During the next six months, do you think this business will be using Artificial Intelligence (AI) in producing goods or services? (Examples of AI: machine learning, natural language processing, virtual agents, voice recognition, etc.)",2.0,No,58.4%,68.1%,60.3%,59.7%,63.2%,66.7%,64.0%,66.9%,63.3%,63.8%,64.1%,66.7%,67.0%,70.1%,67.0%,67.2%,64.3%,67.6%,69.0%,69.3%,67.4%,66.4%,70.3%,67.7%,65.6%,68.3%,68.8%,70.7%,68.8%,67.7%,69.6%,69.4%,69.7%,69.6%,69.4%,67.5%,67.0%,71.7%,68.2%,67.8%,72.8%,71.2%,71.0%,71.4%,73.6%,73.4%,State.xlsx,,,,,,,,,,,,,,,,,,,,,,,,,,,,,,,West
CO,26.0,"During the next six months, do you think this business will be using Artificial Intelligence (AI) in producing goods or services? (Examples of AI: machine learning, natural language processing, virtual agents, voice recognition, etc.)",3.0,Do not know,25.0%,17.5%,24.6%,29.5%,22.7%,21.6%,22.6%,23.5%,23.3%,27.5%,22.0%,21.5%,20.0%,21.0%,21.0%,22.9%,24.6%,21.5%,20.1%,19.1%,21.8%,22.5%,21.1%,23.3%,24.1%,20.5%,22.6%,20.4%,23.0%,21.5%,20.6%,20.8%,20.5%,21.2%,22.0%,23.1%,23.2%,19.6%,24.5%,21.2%,17.0%,17.5%,19.4%,18.3%,19.8%,18.2%,State.xlsx,,,,,,,,,,,,,,,,,,,,,,,,,,,,,,,West
CT,7.0,"In the last two weeks, did this business use Artificial Intelligence (AI) in producing goods or services? (Examples of AI: machine learning, natural language processing, virtual agents, voice recognition, etc.)",1.0,Yes,7.1%,8.2%,9.0%,9.2%,9.7%,7.1%,5.7%,8.1%,6.3%,6.6%,8.2%,4.0%,4.4%,5.6%,S,6.0%,5.3%,6.3%,3.9%,5.1%,3.6%,6.8%,6.2%,3.8%,5.5%,4.0%,4.1%,4.7%,5.1%,4.0%,5.2%,3.5%,4.2%,S,4.1%,3.1%,3.4%,3.4%,4.8%,3.8%,4.0%,3.0%,3.6%,S,3.0%,3.5%,State.xlsx,,,,,,,,,,,,,,,,,,,,,,,,,,,,,,,Northeast
CT,7.0,"In the last two weeks, did this business use Artificial Intelligence (AI) in producing goods or services? (Examples of AI: machine learning, natural language processing, virtual agents, voice recognition, etc.)",2.0,No,87.8%,83.9%,82.5%,81.5%,83.5%,87.3%,88.0%,84.3%,86.6%,86.5%,83.2%,91.4%,89.8%,87.3%,89.1%,85.6%,87.6%,87.4%,92.0%,89.1%,86.8%,87.5%,86.1%,87.2%,88.3%,88.9%,91.0%,87.6%,90.2%,88.1%,86.9%,91.1%,87.7%,87.7%,87.5%,78.7%,88.3%,87.1%,83.5%,85.4%,89.2%,86.3%,88.5%,90.7%,90.2%,89.8%,State.xlsx,,,,,,,,,,,,,,,,,,,,,,,,,,,,,,,Northeast
CT,7.0,"In the last two weeks, did this business use Artificial Intelligence (AI) in producing goods or services? (Examples of AI: machine learning, natural language processing, virtual agents, voice recognition, etc.)",3.0,Do not know,5.1%,7.9%,8.5%,9.3%,6.8%,5.7%,6.3%,7.6%,7.1%,6.9%,8.6%,4.6%,5.7%,7.1%,8.0%,8.4%,7.1%,6.2%,4.1%,5.8%,9.5%,5.7%,7.7%,9.1%,6.2%,7.0%,5.0%,7.8%,4.7%,7.9%,7.9%,5.4%,8.0%,10.5%,8.4%,18.2%,8.3%,9.5%,11.7%,10.9%,6.9%,10.7%,8.0%,7.5%,6.8%,6.7%,State.xlsx,,,,,,,,,,,,,,,,,,,,,,,,,,,,,,,Northeast
CT,26.0,"During the next six months, do you think this business will be using Artificial Intelligence (AI) in producing goods or services? (Examples of AI: machine learning, natural language processing, virtual agents, voice recognition, etc.)",1.0,Yes,7.8%,10.0%,10.2%,12.2%,13.0%,10.6%,6.7%,8.5%,7.6%,9.6%,9.2%,7.8%,5.8%,8.0%,6.1%,9.4%,7.2%,10.0%,7.2%,8.4%,6.0%,9.9%,7.8%,5.9%,7.3%,7.9%,6.4%,6.3%,8.0%,4.8%,6.4%,7.4%,5.0%,5.0%,7.2%,5.1%,7.3%,4.4%,6.4%,4.7%,6.1%,5.9%,6.4%,4.2%,4.9%,4.3%,State.xlsx,,,,,,,,,,,,,,,,,,,,,,,,,,,,,,,Northeast
CT,26.0,"During the next six months, do you think this business will be using Artificial Intelligence (AI) in producing goods or services? (Examples of AI: machine learning, natural language processing, virtual agents, voice recognition, etc.)",2.0,No,66.6%,63.9%,66.7%,64.0%,64.8%,64.3%,65.2%,69.7%,68.8%,74.2%,62.2%,70.8%,75.0%,73.0%,65.3%,69.3%,64.9%,68.4%,72.6%,67.0%,66.0%,72.8%,70.8%,76.0%,70.2%,70.8%,73.3%,70.9%,73.5%,72.7%,72.4%,73.9%,71.8%,73.2%,71.3%,67.3%,69.2%,73.9%,72.6%,71.4%,73.5%,73.3%,74.4%,76.9%,74.9%,72.5%,State.xlsx,,,,,,,,,,,,,,,,,,,,,,,,,,,,,,,Northeast
CT,26.0,"During the next six months, do you think this business will be using Artificial Intelligence (AI) in producing goods or services? (Examples of AI: machine learning, natural language processing, virtual agents, voice recognition, etc.)",3.0,Do not know,25.6%,26.1%,23.1%,23.8%,22.2%,25.1%,28.2%,21.8%,23.6%,16.1%,28.6%,21.4%,19.2%,18.9%,28.6%,21.3%,27.9%,21.6%,20.2%,24.6%,28.0%,17.4%,21.4%,18.1%,22.5%,21.3%,20.4%,22.8%,18.6%,22.5%,21.2%,18.7%,23.2%,21.9%,21.6%,27.6%,23.6%,21.6%,21.0%,23.9%,20.4%,20.9%,19.2%,18.9%,20.2%,23.1%,State.xlsx,,,,,,,,,,,,,,,,,,,,,,,,,,,,,,,Northeast
DC,7.0,"In the last two weeks, did this business use Artificial Intelligence (AI) in producing goods or services? (Examples of AI: machine learning, natural language processing, virtual agents, voice recognition, etc.)",1.0,Yes,23.6%,19.1%,23.8%,17.1%,S,20.5%,21.7%,S,17.9%,16.3%,17.4%,S,S,S,S,12.8%,S,S,19.0%,S,S,14.0%,S,S,9.9%,S,S,S,10.7%,S,S,S,S,S,S,S,S,S,S,S,S,S,S,S,S,11.5%,State.xlsx,,,,,,,,,,,,,,,,,,,,,,,,,,,,,,,Territories
DC,7.0,"In the last two weeks, did this business use Artificial Intelligence (AI) in producing goods or services? (Examples of AI: machine learning, natural language processing, virtual agents, voice recognition, etc.)",2.0,No,64.6%,68.6%,62.3%,75.1%,77.2%,70.1%,65.0%,82.9%,78.4%,71.2%,77.5%,86.5%,76.8%,77.7%,77.6%,73.2%,78.0%,83.4%,72.7%,81.4%,79.3%,72.8%,88.2%,87.7%,83.1%,81.0%,82.5%,84.2%,81.6%,82.8%,80.7%,84.0%,71.0%,79.2%,85.3%,80.9%,77.7%,82.7%,83.3%,79.5%,81.5%,88.3%,86.4%,82.2%,88.9%,85.0%,State.xlsx,,,,,,,,,,,,,,,,,,,,,,,,,,,,,,,Territories
DC,7.0,"In the last two weeks, did this business use Artificial Intelligence (AI) in producing goods or services? (Examples of AI: machine learning, natural language processing, virtual agents, voice recognition, etc.)",3.0,Do not know,S,S,S,S,S,S,S,S,S,S,S,S,S,S,S,S,S,S,S,12.2%,S,13.2%,S,S,S,S,S,S,S,S,S,S,S,S,11.3%,S,12.5%,S,S,S,S,S,S,S,S,S,State.xlsx,,,,,,,,,,,,,,,,,,,,,,,,,,,,,,,Territories
DC,26.0,"During the next six months, do you think this business will be using Artificial Intelligence (AI) in producing goods or services? (Examples of AI: machine learning, natural language processing, virtual agents, voice recognition, etc.)",1.0,Yes,24.0%,18.7%,24.6%,20.9%,S,19.1%,27.3%,S,22.7%,20.9%,31.0%,15.4%,S,S,21.0%,11.5%,S,11.0%,31.0%,11.5%,17.9%,18.3%,S,S,13.1%,16.9%,S,15.4%,11.5%,S,S,15.8%,S,19.8%,11.1%,S,S,S,13.7%,16.3%,14.9%,13.0%,S,S,16.4%,13.6%,State.xlsx,,,,,,,,,,,,,,,,,,,,,,,,,,,,,,,Territories
DC,26.0,"During the next six months, do you think this business will be using Artificial Intelligence (AI) in producing goods or services? (Examples of AI: machine learning, natural language processing, virtual agents, voice recognition, etc.)",2.0,No,51.0%,45.6%,43.3%,58.3%,52.0%,45.6%,46.6%,45.9%,51.8%,51.6%,45.3%,61.6%,42.5%,60.1%,58.7%,58.4%,63.9%,63.1%,44.8%,59.6%,60.7%,50.0%,63.8%,71.1%,58.5%,58.9%,64.5%,65.4%,67.7%,60.3%,57.0%,55.4%,45.6%,58.4%,63.8%,68.0%,59.3%,58.3%,69.5%,66.9%,65.2%,64.8%,66.2%,62.4%,55.9%,64.4%,State.xlsx,,,,,,,,,,,,,,,,,,,,,,,,,,,,,,,Territories
DC,26.0,"During the next six months, do you think this business will be using Artificial Intelligence (AI) in producing goods or services? (Examples of AI: machine learning, natural language processing, virtual agents, voice recognition, etc.)",3.0,Do not know,25.0%,35.7%,32.1%,20.9%,31.6%,35.3%,26.2%,41.5%,25.5%,27.5%,23.7%,23.0%,40.0%,25.3%,20.3%,30.0%,24.5%,25.9%,24.3%,28.9%,21.4%,31.7%,28.3%,20.4%,28.4%,24.2%,27.0%,19.2%,20.8%,32.5%,32.2%,28.8%,45.1%,21.8%,25.1%,22.5%,35.5%,32.7%,16.8%,16.9%,19.9%,22.2%,25.1%,27.6%,27.7%,21.9%,State.xlsx,,,,,,,,,,,,,,,,,,,,,,,,,,,,,,,Territories
DE,7.0,"In the last two weeks, did this business use Artificial Intelligence (AI) in producing goods or services? (Examples of AI: machine learning, natural language processing, virtual agents, voice recognition, etc.)",1.0,Yes,9.4%,S,S,12.0%,13.1%,S,S,S,S,11.6%,12.5%,S,S,S,S,S,S,8.6%,S,S,S,S,S,S,S,S,S,S,S,S,8.2%,S,S,S,S,S,11.6%,S,S,S,8.4%,S,10.7%,S,S,S,State.xlsx,,,,,,,,,,,,,,,,,,,,,,,,,,,,,,,Northeast
DE,7.0,"In the last two weeks, did this business use Artificial Intelligence (AI) in producing goods or services? (Examples of AI: machine learning, natural language processing, virtual agents, voice recognition, etc.)",2.0,No,83.0%,79.9%,85.7%,78.9%,79.2%,85.2%,86.4%,91.8%,79.3%,80.6%,78.9%,86.2%,83.9%,83.6%,80.2%,85.3%,87.4%,83.6%,90.4%,79.4%,85.9%,89.8%,90.6%,88.1%,81.0%,81.4%,91.5%,84.5%,86.8%,87.4%,81.7%,80.2%,83.6%,85.3%,83.5%,83.5%,77.2%,84.8%,82.1%,83.0%,85.3%,85.6%,76.5%,85.6%,89.2%,84.6%,State.xlsx,,,,,,,,,,,,,,,,,,,,,,,,,,,,,,,Northeast
DE,7.0,"In the last two weeks, did this business use Artificial Intelligence (AI) in producing goods or services? (Examples of AI: machine learning, natural language processing, virtual agents, voice recognition, etc.)",3.0,Do not know,S,S,S,S,S,9.4%,S,S,11.7%,S,S,S,S,S,S,S,S,S,S,10.6%,S,S,S,9.8%,13.7%,12.4%,S,10.8%,S,9.3%,10.2%,12.4%,9.8%,11.7%,10.7%,11.7%,11.3%,9.7%,10.9%,12.6%,S,8.0%,12.9%,S,S,12.4%,State.xlsx,,,,,,,,,,,,,,,,,,,,,,,,,,,,,,,Northeast
DE,26.0,"During the next six months, do you think this business will be using Artificial Intelligence (AI) in producing goods or services? (Examples of AI: machine learning, natural language processing, virtual agents, voice recognition, etc.)",1.0,Yes,11.0%,19.1%,13.7%,11.2%,15.8%,S,8.1%,11.2%,13.4%,12.2%,12.7%,9.4%,10.7%,17.6%,S,11.0%,10.9%,11.7%,12.0%,12.7%,10.1%,9.4%,S,S,7.9%,S,S,S,8.5%,S,14.3%,11.4%,15.1%,S,S,S,12.4%,11.3%,S,7.9%,11.7%,S,14.0%,12.1%,11.8%,5.7%,State.xlsx,,,,,,,,,,,,,,,,,,,,,,,,,,,,,,,Northeast
DE,26.0,"During the next six months, do you think this business will be using Artificial Intelligence (AI) in producing goods or services? (Examples of AI: machine learning, natural language processing, virtual agents, voice recognition, etc.)",2.0,No,59.9%,44.0%,66.0%,57.3%,57.0%,58.2%,68.0%,64.4%,68.2%,62.2%,64.0%,65.8%,59.6%,53.0%,61.9%,73.1%,67.4%,67.5%,63.3%,59.0%,66.3%,74.5%,81.1%,71.8%,64.2%,67.4%,76.0%,68.0%,75.5%,73.6%,56.5%,64.3%,61.9%,70.2%,71.4%,68.7%,61.4%,68.9%,73.8%,67.2%,67.8%,70.6%,62.1%,61.4%,71.5%,68.1%,State.xlsx,,,,,,,,,,,,,,,,,,,,,,,,,,,,,,,Northeast
DE,26.0,"During the next six months, do you think this business will be using Artificial Intelligence (AI) in producing goods or services? (Examples of AI: machine learning, natural language processing, virtual agents, voice recognition, etc.)",3.0,Do not know,29.2%,36.8%,20.3%,31.5%,27.2%,36.1%,23.9%,24.4%,18.5%,25.6%,23.3%,24.7%,29.8%,29.4%,23.5%,15.9%,21.7%,20.9%,24.7%,28.3%,23.6%,16.1%,13.0%,25.7%,28.0%,24.8%,18.2%,26.3%,16.0%,22.0%,29.2%,24.2%,23.0%,25.7%,24.0%,24.7%,26.1%,19.9%,18.9%,24.9%,20.5%,23.4%,24.0%,26.4%,16.7%,26.2%,State.xlsx,,,,,,,,,,,,,,,,,,,,,,,,,,,,,,,Northeast
FL,7.0,"In the last two weeks, did this business use Artificial Intelligence (AI) in producing goods or services? (Examples of AI: machine learning, natural language processing, virtual agents, voice recognition, etc.)",1.0,Yes,10.0%,12.4%,11.4%,10.8%,9.8%,9.7%,8.9%,10.4%,10.0%,8.5%,8.4%,7.8%,6.4%,8.3%,8.0%,6.7%,6.9%,7.3%,7.3%,7.0%,7.1%,6.7%,5.8%,5.1%,6.7%,6.0%,7.5%,6.4%,5.7%,5.5%,6.2%,5.4%,6.5%,5.3%,5.9%,6.3%,6.9%,6.4%,6.8%,7.2%,4.8%,5.1%,5.6%,5.1%,5.1%,5.4%,State.xlsx,,,,,,,,,,,,,,,,,,,,,,,,,,,,,,,Southeast
FL,7.0,"In the last two weeks, did this business use Artificial Intelligence (AI) in producing goods or services? (Examples of AI: machine learning, natural language processing, virtual agents, voice recognition, etc.)",2.0,No,83.4%,81.7%,81.6%,83.3%,84.3%,85.4%,85.5%,82.9%,84.5%,85.7%,84.7%,86.8%,87.4%,86.0%,86.8%,87.3%,87.8%,87.4%,86.7%,88.1%,87.0%,87.9%,85.8%,87.0%,85.9%,85.9%,83.6%,85.4%,88.0%,87.2%,87.3%,87.4%,85.9%,87.7%,82.6%,81.2%,83.8%,82.7%,83.2%,82.1%,88.0%,87.2%,87.6%,89.6%,87.7%,88.0%,State.xlsx,,,,,,,,,,,,,,,,,,,,,,,,,,,,,,,Southeast
FL,7.0,"In the last two weeks, did this business use Artificial Intelligence (AI) in producing goods or services? (Examples of AI: machine learning, natural language processing, virtual agents, voice recognition, etc.)",3.0,Do not know,6.5%,5.9%,7.0%,5.9%,5.9%,5.0%,5.6%,6.8%,5.5%,5.8%,7.0%,5.4%,6.3%,5.7%,5.1%,5.9%,5.2%,5.3%,6.1%,4.9%,5.9%,5.4%,8.4%,7.9%,7.4%,8.1%,8.9%,8.2%,6.3%,7.3%,6.5%,7.2%,7.6%,6.9%,11.5%,12.6%,9.3%,10.9%,10.0%,10.7%,7.3%,7.7%,6.8%,5.3%,7.2%,6.6%,State.xlsx,,,,,,,,,,,,,,,,,,,,,,,,,,,,,,,Southeast
FL,26.0,"During the next six months, do you think this business will be using Artificial Intelligence (AI) in producing goods or services? (Examples of AI: machine learning, natural language processing, virtual agents, voice recognition, etc.)",1.0,Yes,14.0%,14.5%,14.5%,14.2%,12.8%,13.6%,12.3%,12.6%,12.6%,11.2%,11.8%,11.7%,10.5%,11.7%,10.8%,10.7%,10.8%,10.4%,10.9%,11.4%,10.4%,9.4%,8.1%,7.8%,8.3%,8.9%,9.8%,9.2%,8.1%,8.6%,8.4%,8.1%,8.4%,8.4%,7.6%,8.0%,7.9%,8.0%,9.0%,8.0%,8.1%,8.5%,8.4%,8.8%,8.3%,8.3%,State.xlsx,,,,,,,,,,,,,,,,,,,,,,,,,,,,,,,Southeast
FL,26.0,"During the next six months, do you think this business will be using Artificial Intelligence (AI) in producing goods or services? (Examples of AI: machine learning, natural language processing, virtual agents, voice recognition, etc.)",2.0,No,59.6%,59.8%,58.5%,60.8%,62.0%,61.4%,63.3%,61.2%,62.5%,63.9%,64.2%,62.7%,67.4%,63.3%,65.0%,65.6%,64.0%,64.3%,65.0%,66.3%,64.9%,67.1%,68.4%,68.4%,68.7%,66.8%,67.6%,68.4%,69.2%,70.3%,68.9%,69.3%,68.7%,69.9%,65.6%,66.6%,68.9%,67.8%,68.7%,69.0%,70.2%,70.8%,70.5%,71.9%,70.3%,70.8%,State.xlsx,,,,,,,,,,,,,,,,,,,,,,,,,,,,,,,Southeast
FL,26.0,"During the next six months, do you think this business will be using Artificial Intelligence (AI) in producing goods or services? (Examples of AI: machine learning, natural language processing, virtual agents, voice recognition, etc.)",3.0,Do not know,26.4%,25.7%,27.1%,25.0%,25.2%,25.0%,24.3%,26.3%,24.8%,24.9%,24.0%,25.6%,22.2%,25.0%,24.2%,23.7%,25.2%,25.2%,24.1%,22.3%,24.6%,23.5%,23.5%,23.8%,23.0%,24.3%,22.6%,22.3%,22.8%,21.2%,22.7%,22.6%,22.9%,21.7%,26.8%,25.4%,23.2%,24.2%,22.3%,23.0%,21.7%,20.7%,21.1%,19.3%,21.5%,20.9%,State.xlsx,,,,,,,,,,,,,,,,,,,,,,,,,,,,,,,Southeast
GA,7.0,"In the last two weeks, did this business use Artificial Intelligence (AI) in producing goods or services? (Examples of AI: machine learning, natural language processing, virtual agents, voice recognition, etc.)",1.0,Yes,10.2%,7.1%,10.6%,7.3%,7.1%,8.2%,9.2%,7.8%,7.3%,5.9%,8.1%,5.7%,6.1%,4.1%,6.3%,6.3%,7.2%,5.8%,5.3%,3.3%,5.7%,6.5%,4.9%,4.9%,5.0%,5.7%,4.2%,4.6%,5.0%,4.6%,5.3%,4.5%,5.9%,4.7%,4.3%,4.5%,4.5%,4.7%,4.6%,4.4%,4.6%,3.2%,4.0%,3.8%,4.8%,3.6%,State.xlsx,,,,,,,,,,,,,,,,,,,,,,,,,,,,,,,Southeast
GA,7.0,"In the last two weeks, did this business use Artificial Intelligence (AI) in producing goods or services? (Examples of AI: machine learning, natural language processing, virtual agents, voice recognition, etc.)",2.0,No,82.4%,83.5%,81.9%,87.1%,84.0%,80.9%,84.3%,83.8%,85.5%,88.2%,85.3%,86.4%,85.0%,88.2%,87.5%,85.5%,86.0%,86.9%,87.5%,89.9%,87.5%,88.2%,85.4%,85.2%,86.5%,86.0%,89.2%,86.8%,85.8%,86.7%,86.1%,88.2%,86.8%,86.6%,83.8%,82.9%,83.3%,83.8%,83.9%,83.4%,87.1%,89.2%,87.4%,89.1%,89.1%,88.5%,State.xlsx,,,,,,,,,,,,,,,,,,,,,,,,,,,,,,,Southeast
GA,7.0,"In the last two weeks, did this business use Artificial Intelligence (AI) in producing goods or services? (Examples of AI: machine learning, natural language processing, virtual agents, voice recognition, etc.)",3.0,Do not know,7.4%,9.5%,7.5%,5.6%,8.9%,10.9%,6.5%,8.4%,7.2%,5.9%,6.6%,7.9%,8.9%,7.7%,6.2%,8.2%,6.9%,7.4%,7.2%,6.8%,6.8%,5.3%,9.6%,9.9%,8.5%,8.3%,6.5%,8.5%,9.2%,8.8%,8.6%,7.3%,7.3%,8.8%,11.9%,12.6%,12.2%,11.5%,11.4%,12.2%,8.4%,7.6%,8.6%,7.1%,6.1%,7.9%,State.xlsx,,,,,,,,,,,,,,,,,,,,,,,,,,,,,,,Southeast
GA,26.0,"During the next six months, do you think this business will be using Artificial Intelligence (AI) in producing goods or services? (Examples of AI: machine learning, natural language processing, virtual agents, voice recognition, etc.)",1.0,Yes,12.0%,10.3%,13.8%,11.1%,10.4%,10.8%,12.5%,11.5%,11.9%,8.6%,10.4%,10.4%,9.8%,6.0%,10.0%,8.4%,9.8%,9.1%,8.9%,7.0%,7.9%,8.5%,7.1%,6.6%,6.4%,8.6%,7.4%,7.0%,7.0%,7.3%,6.9%,7.0%,8.4%,6.3%,5.6%,6.2%,5.2%,6.3%,7.5%,6.1%,6.7%,5.9%,6.4%,6.6%,7.5%,6.3%,State.xlsx,,,,,,,,,,,,,,,,,,,,,,,,,,,,,,,Southeast
GA,26.0,"During the next six months, do you think this business will be using Artificial Intelligence (AI) in producing goods or services? (Examples of AI: machine learning, natural language processing, virtual agents, voice recognition, etc.)",2.0,No,60.6%,62.2%,58.6%,63.4%,65.9%,62.2%,64.3%,62.8%,64.7%,66.6%,68.7%,62.3%,63.2%,68.2%,68.6%,68.9%,67.7%,68.5%,67.5%,69.0%,66.5%,69.2%,69.6%,68.5%,70.1%,71.7%,72.0%,71.0%,69.0%,71.5%,72.6%,72.9%,72.3%,69.4%,67.5%,68.6%,70.5%,67.2%,69.6%,72.1%,72.8%,73.0%,72.6%,72.4%,73.2%,73.1%,State.xlsx,,,,,,,,,,,,,,,,,,,,,,,,,,,,,,,Southeast
GA,26.0,"During the next six months, do you think this business will be using Artificial Intelligence (AI) in producing goods or services? (Examples of AI: machine learning, natural language processing, virtual agents, voice recognition, etc.)",3.0,Do not know,27.4%,27.4%,27.7%,25.5%,23.7%,27.0%,23.2%,25.8%,23.5%,24.8%,20.9%,27.3%,27.0%,25.8%,21.4%,22.7%,22.5%,22.4%,23.5%,24.0%,25.6%,22.4%,23.4%,24.9%,23.6%,19.7%,20.7%,22.0%,24.0%,21.2%,20.5%,20.0%,19.4%,24.3%,26.9%,25.2%,24.3%,26.5%,22.9%,21.8%,20.5%,21.2%,21.1%,21.0%,19.3%,20.5%,State.xlsx,,,,,,,,,,,,,,,,,,,,,,,,,,,,,,,Southeast
HI,7.0,"In the last two weeks, did this business use Artificial Intelligence (AI) in producing goods or services? (Examples of AI: machine learning, natural language processing, virtual agents, voice recognition, etc.)",1.0,Yes,10.7%,S,S,S,S,S,9.0%,S,S,S,S,S,S,S,S,S,S,S,S,S,S,S,S,S,S,S,S,S,S,S,S,S,S,S,S,S,S,S,S,S,S,S,S,S,S,S,State.xlsx,,,,,,,,,,,,,,,,,,,,,,,,,,,,,,,West
HI,7.0,"In the last two weeks, did this business use Artificial Intelligence (AI) in producing goods or services? (Examples of AI: machine learning, natural language processing, virtual agents, voice recognition, etc.)",2.0,No,83.6%,88.6%,86.5%,82.9%,86.1%,93.1%,87.1%,89.9%,86.8%,81.8%,94.0%,91.9%,96.0%,90.5%,88.8%,88.8%,89.1%,89.7%,92.7%,93.0%,87.4%,85.9%,88.1%,86.0%,83.0%,87.3%,85.1%,86.4%,87.1%,85.1%,89.0%,85.1%,87.9%,90.1%,86.4%,76.1%,85.0%,81.1%,89.4%,82.6%,86.8%,83.8%,91.6%,92.0%,89.2%,81.8%,State.xlsx,,,,,,,,,,,,,,,,,,,,,,,,,,,,,,,West
HI,7.0,"In the last two weeks, did this business use Artificial Intelligence (AI) in producing goods or services? (Examples of AI: machine learning, natural language processing, virtual agents, voice recognition, etc.)",3.0,Do not know,S,S,S,14.9%,S,S,S,8.2%,S,16.7%,S,S,S,S,S,S,S,S,S,S,S,11.4%,S,S,13.1%,10.1%,13.2%,S,S,S,S,8.5%,S,S,9.7%,18.7%,10.5%,14.7%,S,13.6%,6.6%,12.6%,S,S,8.8%,15.5%,State.xlsx,,,,,,,,,,,,,,,,,,,,,,,,,,,,,,,West
HI,26.0,"During the next six months, do you think this business will be using Artificial Intelligence (AI) in producing goods or services? (Examples of AI: machine learning, natural language processing, virtual agents, voice recognition, etc.)",1.0,Yes,14.7%,S,S,S,S,S,12.5%,7.2%,S,S,S,S,6.8%,S,S,S,12.3%,S,8.9%,7.8%,S,S,S,S,S,S,S,S,S,S,7.3%,S,5.7%,9.5%,S,S,S,S,S,S,S,S,S,6.5%,S,S,State.xlsx,,,,,,,,,,,,,,,,,,,,,,,,,,,,,,,West
HI,26.0,"During the next six months, do you think this business will be using Artificial Intelligence (AI) in producing goods or services? (Examples of AI: machine learning, natural language processing, virtual agents, voice recognition, etc.)",2.0,No,63.0%,63.9%,71.5%,57.9%,69.2%,78.0%,71.7%,59.9%,67.5%,68.2%,77.2%,74.5%,72.1%,73.6%,70.5%,72.5%,72.0%,69.6%,67.1%,70.5%,75.6%,69.8%,71.4%,69.6%,59.4%,71.6%,74.5%,70.9%,68.4%,73.6%,69.7%,63.2%,76.8%,67.6%,71.1%,67.1%,64.4%,71.4%,76.4%,67.2%,69.4%,73.6%,74.7%,73.1%,76.2%,75.5%,State.xlsx,,,,,,,,,,,,,,,,,,,,,,,,,,,,,,,West
HI,26.0,"During the next six months, do you think this business will be using Artificial Intelligence (AI) in producing goods or services? (Examples of AI: machine learning, natural language processing, virtual agents, voice recognition, etc.)",3.0,Do not know,22.2%,34.1%,18.9%,39.3%,20.7%,18.2%,15.8%,32.9%,28.2%,30.2%,17.0%,20.4%,21.2%,22.4%,23.8%,21.9%,15.7%,24.3%,24.0%,21.8%,16.4%,26.7%,21.2%,23.1%,37.7%,23.6%,19.0%,21.3%,25.9%,18.6%,23.0%,32.1%,17.5%,22.9%,26.4%,25.2%,30.6%,23.5%,20.0%,27.4%,24.0%,20.6%,21.3%,20.4%,19.7%,20.1%,State.xlsx,,,,,,,,,,,,,,,,,,,,,,,,,,,,,,,West
IA,7.0,"In the last two weeks, did this business use Artificial Intelligence (AI) in producing goods or services? (Examples of AI: machine learning, natural language processing, virtual agents, voice recognition, etc.)",1.0,Yes,6.9%,7.5%,6.6%,5.7%,8.3%,6.7%,8.7%,8.9%,5.4%,4.6%,4.8%,7.5%,5.6%,4.7%,4.5%,4.0%,5.4%,3.8%,5.3%,3.1%,4.7%,2.7%,4.9%,7.8%,4.9%,2.5%,2.9%,3.5%,S,4.4%,3.8%,S,S,5.4%,S,S,5.4%,2.8%,5.0%,5.2%,3.5%,4.6%,3.5%,S,S,3.5%,State.xlsx,,,,,,,,,,,,,,,,,,,,,,,,,,,,,,,Midwest
IA,7.0,"In the last two weeks, did this business use Artificial Intelligence (AI) in producing goods or services? (Examples of AI: machine learning, natural language processing, virtual agents, voice recognition, etc.)",2.0,No,86.3%,88.0%,88.5%,88.4%,87.6%,88.4%,87.2%,84.8%,86.9%,90.3%,89.8%,88.2%,87.6%,90.3%,90.6%,93.9%,90.3%,91.3%,88.3%,93.8%,92.7%,93.6%,88.5%,85.9%,88.2%,90.5%,91.0%,91.6%,89.4%,89.4%,89.9%,90.3%,91.6%,88.5%,91.4%,88.2%,87.8%,85.4%,89.4%,87.7%,91.2%,88.5%,90.6%,92.0%,91.8%,88.9%,State.xlsx,,,,,,,,,,,,,,,,,,,,,,,,,,,,,,,Midwest
IA,7.0,"In the last two weeks, did this business use Artificial Intelligence (AI) in producing goods or services? (Examples of AI: machine learning, natural language processing, virtual agents, voice recognition, etc.)",3.0,Do not know,6.8%,4.6%,4.9%,5.9%,4.1%,4.8%,4.1%,6.2%,7.7%,5.1%,5.3%,4.3%,6.8%,5.0%,4.9%,S,4.3%,4.8%,6.4%,3.0%,2.6%,3.7%,6.6%,6.4%,6.8%,7.0%,6.1%,4.9%,6.7%,6.2%,6.3%,8.1%,5.6%,6.1%,7.0%,9.0%,6.8%,11.8%,5.6%,7.1%,5.2%,6.9%,5.8%,6.5%,5.8%,7.6%,State.xlsx,,,,,,,,,,,,,,,,,,,,,,,,,,,,,,,Midwest
IA,26.0,"During the next six months, do you think this business will be using Artificial Intelligence (AI) in producing goods or services? (Examples of AI: machine learning, natural language processing, virtual agents, voice recognition, etc.)",1.0,Yes,9.9%,8.4%,8.6%,8.4%,9.9%,8.2%,11.1%,8.8%,8.1%,8.8%,5.8%,8.5%,7.7%,5.0%,5.6%,6.4%,6.8%,6.3%,8.3%,6.2%,6.0%,3.8%,7.0%,11.1%,7.5%,4.5%,3.9%,6.4%,5.3%,6.4%,6.4%,3.0%,3.6%,5.8%,4.1%,6.7%,5.6%,4.8%,5.5%,5.9%,4.3%,7.5%,6.2%,3.0%,4.5%,4.2%,State.xlsx,,,,,,,,,,,,,,,,,,,,,,,,,,,,,,,Midwest
IA,26.0,"During the next six months, do you think this business will be using Artificial Intelligence (AI) in producing goods or services? (Examples of AI: machine learning, natural language processing, virtual agents, voice recognition, etc.)",2.0,No,67.9%,68.7%,71.0%,68.8%,72.0%,73.1%,71.7%,69.3%,68.9%,76.3%,73.0%,71.1%,67.9%,70.5%,78.8%,74.9%,75.4%,75.7%,68.6%,71.4%,78.2%,78.5%,73.5%,70.7%,73.7%,80.4%,75.4%,77.3%,72.6%,75.9%,75.4%,81.6%,77.9%,79.2%,76.5%,74.2%,77.5%,78.3%,79.3%,75.6%,78.2%,75.1%,75.1%,83.6%,79.3%,76.6%,State.xlsx,,,,,,,,,,,,,,,,,,,,,,,,,,,,,,,Midwest
IA,26.0,"During the next six months, do you think this business will be using Artificial Intelligence (AI) in producing goods or services? (Examples of AI: machine learning, natural language processing, virtual agents, voice recognition, etc.)",3.0,Do not know,22.1%,22.9%,20.5%,22.8%,18.1%,18.7%,17.3%,21.9%,23.0%,14.9%,21.1%,20.4%,24.4%,24.5%,15.5%,18.7%,17.8%,18.0%,23.0%,22.4%,15.8%,17.7%,19.4%,18.2%,18.8%,15.1%,20.7%,16.2%,22.2%,17.7%,18.2%,15.4%,18.5%,15.0%,19.3%,19.1%,17.0%,16.9%,15.2%,18.6%,17.5%,17.4%,18.7%,13.3%,16.3%,19.2%,State.xlsx,,,,,,,,,,,,,,,,,,,,,,,,,,,,,,,Midwest
ID,7.0,"In the last two weeks, did this business use Artificial Intelligence (AI) in producing goods or services? (Examples of AI: machine learning, natural language processing, virtual agents, voice recognition, etc.)",1.0,Yes,11.9%,6.5%,9.7%,4.4%,10.6%,9.0%,7.0%,7.0%,8.0%,S,7.2%,4.3%,6.4%,S,S,S,8.5%,6.4%,7.4%,6.3%,3.3%,S,6.8%,5.3%,4.1%,3.7%,4.2%,4.2%,4.7%,3.2%,4.9%,3.9%,4.4%,S,3.7%,8.4%,S,4.1%,5.7%,3.9%,3.6%,6.4%,S,3.4%,6.3%,S,State.xlsx,,,,,,,,,,,,,,,,,,,,,,,,,,,,,,,West
ID,7.0,"In the last two weeks, did this business use Artificial Intelligence (AI) in producing goods or services? (Examples of AI: machine learning, natural language processing, virtual agents, voice recognition, etc.)",2.0,No,83.6%,87.3%,86.3%,87.3%,84.9%,85.0%,88.6%,88.3%,87.6%,93.4%,87.8%,91.2%,89.5%,92.6%,92.4%,93.8%,87.3%,89.7%,88.7%,90.8%,91.2%,94.8%,86.0%,85.0%,86.7%,89.1%,84.9%,91.3%,89.9%,88.0%,88.5%,83.9%,85.7%,94.6%,89.6%,81.7%,89.1%,87.2%,87.2%,86.0%,90.0%,86.4%,92.4%,90.3%,87.1%,88.7%,State.xlsx,,,,,,,,,,,,,,,,,,,,,,,,,,,,,,,West
ID,7.0,"In the last two weeks, did this business use Artificial Intelligence (AI) in producing goods or services? (Examples of AI: machine learning, natural language processing, virtual agents, voice recognition, etc.)",3.0,Do not know,S,6.1%,S,8.3%,S,6.0%,4.4%,4.8%,S,S,4.9%,S,S,S,S,S,4.2%,3.9%,3.9%,S,5.4%,S,7.2%,9.7%,9.2%,7.2%,10.9%,S,5.4%,8.9%,6.6%,12.2%,9.9%,S,6.7%,9.9%,8.3%,8.7%,7.1%,10.1%,6.4%,7.1%,5.4%,6.3%,6.7%,7.1%,State.xlsx,,,,,,,,,,,,,,,,,,,,,,,,,,,,,,,West
ID,26.0,"During the next six months, do you think this business will be using Artificial Intelligence (AI) in producing goods or services? (Examples of AI: machine learning, natural language processing, virtual agents, voice recognition, etc.)",1.0,Yes,14.9%,8.7%,10.0%,8.5%,14.5%,12.6%,10.6%,7.0%,9.2%,S,11.2%,6.7%,9.6%,4.0%,5.5%,4.6%,9.2%,9.6%,7.7%,8.7%,5.6%,S,7.8%,7.3%,5.8%,4.2%,5.5%,5.2%,6.1%,6.3%,6.5%,6.5%,4.7%,S,4.1%,9.0%,3.5%,7.0%,8.0%,6.3%,7.7%,10.3%,3.9%,6.1%,7.0%,5.2%,State.xlsx,,,,,,,,,,,,,,,,,,,,,,,,,,,,,,,West
ID,26.0,"During the next six months, do you think this business will be using Artificial Intelligence (AI) in producing goods or services? (Examples of AI: machine learning, natural language processing, virtual agents, voice recognition, etc.)",2.0,No,61.6%,69.9%,65.9%,73.2%,72.8%,62.7%,68.3%,68.5%,67.7%,78.0%,70.8%,72.6%,71.8%,76.5%,76.4%,77.4%,75.3%,67.8%,73.7%,76.7%,72.0%,79.2%,73.0%,72.1%,69.8%,78.1%,68.4%,80.3%,83.1%,72.0%,73.5%,73.6%,68.7%,82.1%,83.3%,70.1%,80.6%,75.1%,69.7%,71.6%,78.7%,74.3%,81.8%,75.0%,74.7%,76.6%,State.xlsx,,,,,,,,,,,,,,,,,,,,,,,,,,,,,,,West
ID,26.0,"During the next six months, do you think this business will be using Artificial Intelligence (AI) in producing goods or services? (Examples of AI: machine learning, natural language processing, virtual agents, voice recognition, etc.)",3.0,Do not know,23.5%,21.4%,24.1%,18.3%,12.6%,24.7%,21.1%,24.5%,23.1%,18.1%,18.0%,20.7%,18.6%,19.5%,18.1%,18.0%,15.5%,22.6%,18.6%,14.6%,22.4%,17.7%,19.2%,20.6%,24.4%,17.7%,26.1%,14.5%,10.8%,21.7%,20.0%,19.8%,26.5%,15.2%,12.6%,21.0%,15.9%,17.9%,22.3%,22.1%,13.7%,15.4%,14.3%,18.9%,18.3%,18.3%,State.xlsx,,,,,,,,,,,,,,,,,,,,,,,,,,,,,,,West
IL,7.0,"In the last two weeks, did this business use Artificial Intelligence (AI) in producing goods or services? (Examples of AI: machine learning, natural language processing, virtual agents, voice recognition, etc.)",1.0,Yes,7.6%,9.8%,7.9%,9.9%,6.5%,8.6%,6.7%,8.4%,6.7%,7.4%,5.4%,6.5%,6.6%,6.6%,5.3%,6.2%,6.3%,6.8%,6.6%,6.4%,5.9%,4.9%,6.4%,4.5%,4.0%,4.6%,5.1%,4.8%,4.9%,4.1%,4.1%,4.2%,4.0%,3.4%,5.1%,4.0%,4.5%,4.4%,3.5%,4.9%,4.5%,3.4%,3.1%,4.7%,3.2%,3.3%,State.xlsx,,,,,,,,,,,,,,,,,,,,,,,,,,,,,,,Midwest
IL,7.0,"In the last two weeks, did this business use Artificial Intelligence (AI) in producing goods or services? (Examples of AI: machine learning, natural language processing, virtual agents, voice recognition, etc.)",2.0,No,85.2%,82.8%,84.6%,84.0%,87.7%,83.1%,86.7%,83.8%,86.3%,86.8%,89.0%,87.2%,86.6%,86.9%,88.5%,86.7%,88.6%,87.5%,88.4%,88.7%,88.8%,90.1%,84.5%,86.0%,88.2%,86.2%,84.9%,85.0%,84.7%,88.7%,89.2%,88.7%,88.4%,87.7%,85.3%,84.4%,83.3%,84.2%,83.2%,83.9%,87.6%,89.6%,91.7%,88.6%,89.7%,89.3%,State.xlsx,,,,,,,,,,,,,,,,,,,,,,,,,,,,,,,Midwest
IL,7.0,"In the last two weeks, did this business use Artificial Intelligence (AI) in producing goods or services? (Examples of AI: machine learning, natural language processing, virtual agents, voice recognition, etc.)",3.0,Do not know,7.2%,7.4%,7.5%,6.1%,5.8%,8.4%,6.6%,7.8%,7.0%,5.8%,5.7%,6.3%,6.8%,6.6%,6.2%,7.2%,5.1%,5.7%,4.9%,5.0%,5.4%,4.9%,9.1%,9.5%,7.8%,9.2%,10.0%,10.2%,10.4%,7.2%,6.7%,7.0%,7.6%,8.9%,9.5%,11.7%,12.2%,11.4%,13.3%,11.2%,8.0%,6.9%,5.2%,6.7%,7.1%,7.4%,State.xlsx,,,,,,,,,,,,,,,,,,,,,,,,,,,,,,,Midwest
IL,26.0,"During the next six months, do you think this business will be using Artificial Intelligence (AI) in producing goods or services? (Examples of AI: machine learning, natural language processing, virtual agents, voice recognition, etc.)",1.0,Yes,9.7%,11.6%,10.8%,11.1%,8.8%,11.7%,9.6%,10.5%,7.4%,9.2%,8.4%,11.8%,9.2%,10.1%,8.5%,9.6%,10.0%,11.3%,8.4%,8.0%,9.2%,7.5%,7.6%,7.0%,5.5%,7.1%,6.5%,6.5%,7.4%,6.2%,6.3%,6.6%,6.4%,4.8%,6.4%,5.3%,5.3%,6.3%,6.5%,6.2%,7.2%,5.9%,6.1%,6.9%,5.4%,5.4%,State.xlsx,,,,,,,,,,,,,,,,,,,,,,,,,,,,,,,Midwest
IL,26.0,"During the next six months, do you think this business will be using Artificial Intelligence (AI) in producing goods or services? (Examples of AI: machine learning, natural language processing, virtual agents, voice recognition, etc.)",2.0,No,67.1%,63.3%,64.9%,65.1%,66.5%,64.6%,67.7%,65.0%,67.3%,67.3%,67.8%,66.7%,68.1%,67.5%,68.8%,67.6%,68.4%,68.3%,68.8%,71.7%,71.5%,70.1%,68.0%,71.3%,72.5%,70.9%,70.0%,71.6%,71.4%,73.8%,74.4%,70.9%,71.4%,73.5%,70.7%,72.1%,70.3%,69.3%,68.9%,70.7%,72.4%,73.4%,72.9%,72.6%,74.9%,72.8%,State.xlsx,,,,,,,,,,,,,,,,,,,,,,,,,,,,,,,Midwest
IL,26.0,"During the next six months, do you think this business will be using Artificial Intelligence (AI) in producing goods or services? (Examples of AI: machine learning, natural language processing, virtual agents, voice recognition, etc.)",3.0,Do not know,23.2%,25.2%,24.3%,23.8%,24.7%,23.7%,22.7%,24.5%,25.3%,23.4%,23.7%,21.5%,22.6%,22.4%,22.7%,22.9%,21.6%,20.4%,22.8%,20.3%,19.3%,22.4%,24.5%,21.8%,21.9%,22.0%,23.5%,21.9%,21.2%,20.0%,19.3%,22.5%,22.1%,21.7%,22.9%,22.6%,24.4%,24.3%,24.6%,23.1%,20.5%,20.6%,21.0%,20.5%,19.7%,21.8%,State.xlsx,,,,,,,,,,,,,,,,,,,,,,,,,,,,,,,Midwest
IN,7.0,"In the last two weeks, did this business use Artificial Intelligence (AI) in producing goods or services? (Examples of AI: machine learning, natural language processing, virtual agents, voice recognition, etc.)",1.0,Yes,5.0%,8.0%,8.3%,5.8%,5.5%,8.3%,6.7%,5.7%,5.6%,6.1%,7.1%,5.3%,5.1%,6.1%,5.0%,6.3%,5.5%,6.8%,6.0%,6.0%,4.7%,5.0%,3.3%,3.2%,5.1%,3.3%,4.3%,3.5%,3.1%,3.7%,4.3%,2.6%,3.5%,4.3%,3.4%,5.3%,3.5%,3.1%,4.1%,3.4%,3.5%,3.2%,3.0%,2.9%,2.5%,3.3%,State.xlsx,,,,,,,,,,,,,,,,,,,,,,,,,,,,,,,Midwest
IN,7.0,"In the last two weeks, did this business use Artificial Intelligence (AI) in producing goods or services? (Examples of AI: machine learning, natural language processing, virtual agents, voice recognition, etc.)",2.0,No,88.0%,81.1%,85.7%,89.2%,86.1%,86.5%,88.2%,87.5%,88.9%,88.9%,89.5%,89.0%,90.0%,87.0%,91.3%,87.2%,90.3%,88.7%,89.4%,89.3%,90.0%,90.3%,89.7%,92.4%,88.0%,89.2%,90.6%,91.8%,89.9%,93.5%,90.1%,91.4%,90.8%,89.4%,87.5%,87.6%,87.6%,90.1%,85.4%,86.7%,89.5%,92.4%,93.7%,91.3%,92.7%,91.1%,State.xlsx,,,,,,,,,,,,,,,,,,,,,,,,,,,,,,,Midwest
IN,7.0,"In the last two weeks, did this business use Artificial Intelligence (AI) in producing goods or services? (Examples of AI: machine learning, natural language processing, virtual agents, voice recognition, etc.)",3.0,Do not know,7.0%,10.9%,6.0%,4.9%,8.4%,5.3%,5.1%,6.9%,5.5%,4.9%,3.3%,5.7%,4.9%,6.9%,3.7%,6.5%,4.2%,4.5%,4.6%,4.7%,5.3%,4.7%,7.1%,4.4%,6.9%,7.5%,5.1%,4.7%,6.9%,2.8%,5.6%,5.9%,5.7%,6.3%,9.1%,7.1%,8.9%,6.8%,10.6%,9.9%,7.0%,4.5%,3.3%,5.8%,4.8%,5.6%,State.xlsx,,,,,,,,,,,,,,,,,,,,,,,,,,,,,,,Midwest
IN,26.0,"During the next six months, do you think this business will be using Artificial Intelligence (AI) in producing goods or services? (Examples of AI: machine learning, natural language processing, virtual agents, voice recognition, etc.)",1.0,Yes,6.4%,10.4%,8.5%,7.8%,8.6%,12.0%,8.5%,7.8%,7.8%,8.5%,9.5%,8.6%,7.8%,6.6%,6.0%,9.6%,8.2%,8.2%,9.7%,8.0%,6.9%,8.3%,5.2%,5.2%,6.6%,3.7%,5.3%,5.9%,3.1%,5.6%,5.7%,4.8%,4.5%,5.5%,5.0%,5.0%,5.4%,5.2%,4.5%,6.9%,5.3%,5.6%,5.6%,4.4%,4.5%,5.5%,State.xlsx,,,,,,,,,,,,,,,,,,,,,,,,,,,,,,,Midwest
IN,26.0,"During the next six months, do you think this business will be using Artificial Intelligence (AI) in producing goods or services? (Examples of AI: machine learning, natural language processing, virtual agents, voice recognition, etc.)",2.0,No,67.5%,63.5%,70.2%,69.0%,73.0%,71.6%,71.3%,70.3%,71.9%,68.1%,72.1%,70.4%,73.3%,70.0%,75.1%,72.3%,75.9%,73.6%,71.3%,73.3%,73.5%,77.4%,73.4%,76.5%,76.4%,73.8%,78.2%,75.8%,75.5%,80.0%,77.2%,76.6%,79.1%,74.4%,74.1%,75.6%,78.0%,79.5%,76.0%,73.7%,77.6%,80.3%,79.2%,78.3%,80.0%,76.6%,State.xlsx,,,,,,,,,,,,,,,,,,,,,,,,,,,,,,,Midwest
IN,26.0,"During the next six months, do you think this business will be using Artificial Intelligence (AI) in producing goods or services? (Examples of AI: machine learning, natural language processing, virtual agents, voice recognition, etc.)",3.0,Do not know,26.1%,26.1%,21.3%,23.2%,18.4%,16.4%,20.2%,21.9%,20.4%,23.3%,18.3%,21.0%,18.9%,23.4%,18.9%,18.1%,15.9%,18.2%,19.0%,18.7%,19.6%,14.3%,21.4%,18.3%,17.0%,22.5%,16.5%,18.4%,21.3%,14.4%,17.1%,18.7%,16.4%,20.1%,20.9%,19.4%,16.6%,15.3%,19.5%,19.4%,17.1%,14.1%,15.1%,17.3%,15.5%,17.9%,State.xlsx,,,,,,,,,,,,,,,,,,,,,,,,,,,,,,,Midwest
KS,7.0,"In the last two weeks, did this business use Artificial Intelligence (AI) in producing goods or services? (Examples of AI: machine learning, natural language processing, virtual agents, voice recognition, etc.)",1.0,Yes,5.5%,9.9%,12.3%,S,7.5%,8.6%,5.0%,6.1%,7.6%,5.8%,8.2%,5.1%,3.5%,4.3%,7.3%,5.5%,5.5%,S,5.7%,4.1%,6.1%,5.0%,S,4.6%,4.9%,3.8%,S,S,5.1%,S,4.9%,S,S,S,6.0%,5.2%,7.2%,4.3%,4.6%,S,3.1%,S,4.9%,3.8%,S,3.7%,State.xlsx,,,,,,,,,,,,,,,,,,,,,,,,,,,,,,,Midwest
KS,7.0,"In the last two weeks, did this business use Artificial Intelligence (AI) in producing goods or services? (Examples of AI: machine learning, natural language processing, virtual agents, voice recognition, etc.)",2.0,No,87.0%,87.1%,80.1%,90.0%,88.3%,84.1%,90.1%,88.8%,82.6%,86.7%,88.4%,91.9%,90.5%,89.3%,84.9%,89.9%,90.3%,91.4%,89.8%,88.4%,88.2%,92.0%,91.8%,87.8%,88.9%,86.1%,91.4%,90.5%,90.4%,90.7%,89.8%,88.3%,84.1%,88.6%,85.1%,86.5%,82.9%,84.5%,86.9%,82.4%,89.5%,91.1%,89.7%,88.7%,90.8%,86.7%,State.xlsx,,,,,,,,,,,,,,,,,,,,,,,,,,,,,,,Midwest
KS,7.0,"In the last two weeks, did this business use Artificial Intelligence (AI) in producing goods or services? (Examples of AI: machine learning, natural language processing, virtual agents, voice recognition, etc.)",3.0,Do not know,7.5%,S,7.7%,6.7%,4.2%,7.3%,4.9%,5.1%,9.8%,7.6%,3.4%,3.0%,6.0%,6.3%,7.8%,4.6%,4.2%,5.5%,4.5%,7.5%,5.7%,S,7.0%,7.7%,6.2%,10.0%,6.7%,6.8%,4.5%,5.7%,5.3%,8.3%,12.4%,8.8%,8.9%,8.2%,9.9%,11.2%,8.4%,14.3%,7.4%,6.1%,5.4%,7.6%,6.6%,9.6%,State.xlsx,,,,,,,,,,,,,,,,,,,,,,,,,,,,,,,Midwest
KS,26.0,"During the next six months, do you think this business will be using Artificial Intelligence (AI) in producing goods or services? (Examples of AI: machine learning, natural language processing, virtual agents, voice recognition, etc.)",1.0,Yes,10.5%,10.5%,15.0%,5.5%,9.6%,9.4%,7.6%,9.3%,10.9%,6.0%,10.5%,8.7%,7.1%,6.7%,10.2%,5.6%,8.5%,5.8%,7.0%,4.9%,7.0%,6.2%,S,7.4%,6.3%,6.6%,5.4%,3.7%,6.5%,5.6%,7.5%,5.3%,6.0%,2.7%,6.7%,4.9%,7.8%,5.5%,6.2%,4.7%,5.1%,5.1%,7.6%,6.0%,3.8%,4.8%,State.xlsx,,,,,,,,,,,,,,,,,,,,,,,,,,,,,,,Midwest
KS,26.0,"During the next six months, do you think this business will be using Artificial Intelligence (AI) in producing goods or services? (Examples of AI: machine learning, natural language processing, virtual agents, voice recognition, etc.)",2.0,No,68.4%,72.7%,62.2%,73.4%,65.5%,67.1%,71.2%,72.7%,70.3%,70.6%,71.1%,72.9%,70.4%,78.7%,69.3%,75.2%,71.8%,72.7%,73.4%,71.6%,74.6%,75.2%,79.7%,72.1%,72.3%,77.3%,71.5%,77.7%,73.1%,74.7%,71.7%,73.5%,70.7%,77.4%,75.4%,71.1%,67.5%,72.7%,77.0%,74.1%,77.6%,73.4%,78.4%,80.4%,80.9%,77.2%,State.xlsx,,,,,,,,,,,,,,,,,,,,,,,,,,,,,,,Midwest
KS,26.0,"During the next six months, do you think this business will be using Artificial Intelligence (AI) in producing goods or services? (Examples of AI: machine learning, natural language processing, virtual agents, voice recognition, etc.)",3.0,Do not know,21.0%,16.8%,22.8%,21.1%,24.8%,23.5%,21.2%,18.0%,18.9%,23.4%,18.5%,18.4%,22.5%,14.6%,20.4%,19.2%,19.6%,21.5%,19.6%,23.6%,18.3%,18.6%,17.8%,20.5%,21.3%,16.1%,23.1%,18.7%,20.4%,19.6%,20.8%,21.2%,23.3%,19.9%,17.9%,24.0%,24.7%,21.9%,16.8%,21.3%,17.3%,21.5%,14.1%,13.6%,15.3%,18.0%,State.xlsx,,,,,,,,,,,,,,,,,,,,,,,,,,,,,,,Midwest
KY,7.0,"In the last two weeks, did this business use Artificial Intelligence (AI) in producing goods or services? (Examples of AI: machine learning, natural language processing, virtual agents, voice recognition, etc.)",1.0,Yes,6.7%,7.5%,S,3.9%,5.9%,4.4%,4.3%,6.3%,6.0%,3.6%,5.2%,6.1%,S,S,4.5%,4.4%,5.9%,3.2%,S,S,4.3%,5.9%,S,S,S,S,S,4.7%,S,S,4.2%,3.3%,S,4.0%,S,3.9%,3.6%,3.7%,S,6.1%,4.5%,S,2.9%,S,S,4.2%,State.xlsx,,,,,,,,,,,,,,,,,,,,,,,,,,,,,,,Southeast
KY,7.0,"In the last two weeks, did this business use Artificial Intelligence (AI) in producing goods or services? (Examples of AI: machine learning, natural language processing, virtual agents, voice recognition, etc.)",2.0,No,89.5%,82.2%,83.9%,91.0%,86.8%,86.6%,88.9%,83.4%,86.0%,89.6%,88.8%,89.0%,92.9%,92.0%,88.5%,89.8%,86.6%,92.5%,93.3%,91.5%,90.6%,89.2%,87.8%,90.0%,90.8%,88.8%,93.5%,85.0%,89.5%,90.8%,85.8%,86.5%,91.0%,86.0%,85.5%,86.0%,86.5%,87.3%,87.2%,82.5%,89.3%,89.8%,92.0%,90.8%,90.4%,88.8%,State.xlsx,,,,,,,,,,,,,,,,,,,,,,,,,,,,,,,Southeast
KY,7.0,"In the last two weeks, did this business use Artificial Intelligence (AI) in producing goods or services? (Examples of AI: machine learning, natural language processing, virtual agents, voice recognition, etc.)",3.0,Do not know,3.8%,10.3%,9.4%,5.1%,7.4%,9.0%,6.7%,10.3%,8.0%,6.8%,6.0%,4.9%,5.6%,4.4%,7.0%,5.7%,7.6%,4.3%,4.2%,5.1%,5.0%,5.0%,9.7%,6.0%,5.9%,8.0%,3.2%,10.3%,7.1%,6.8%,10.0%,10.2%,6.4%,10.0%,10.9%,10.1%,9.9%,9.0%,10.6%,11.5%,6.2%,7.7%,5.1%,7.4%,8.0%,7.0%,State.xlsx,,,,,,,,,,,,,,,,,,,,,,,,,,,,,,,Southeast
KY,26.0,"During the next six months, do you think this business will be using Artificial Intelligence (AI) in producing goods or services? (Examples of AI: machine learning, natural language processing, virtual agents, voice recognition, etc.)",1.0,Yes,8.8%,10.5%,8.6%,5.2%,9.4%,5.1%,4.5%,9.3%,10.7%,5.7%,6.6%,5.2%,4.7%,6.9%,5.0%,7.2%,8.9%,4.9%,6.2%,5.2%,5.7%,7.4%,4.5%,6.1%,4.3%,4.7%,4.8%,6.1%,4.8%,3.4%,5.1%,4.0%,3.6%,4.7%,4.4%,4.2%,3.7%,5.6%,3.5%,5.2%,4.9%,3.7%,3.3%,4.5%,3.3%,6.8%,State.xlsx,,,,,,,,,,,,,,,,,,,,,,,,,,,,,,,Southeast
KY,26.0,"During the next six months, do you think this business will be using Artificial Intelligence (AI) in producing goods or services? (Examples of AI: machine learning, natural language processing, virtual agents, voice recognition, etc.)",2.0,No,68.4%,65.4%,64.8%,75.9%,66.5%,71.1%,74.9%,69.8%,66.0%,75.4%,70.4%,75.4%,72.8%,71.9%,71.6%,80.6%,71.0%,73.6%,76.9%,72.0%,70.2%,73.7%,73.6%,76.8%,79.0%,71.3%,85.1%,73.2%,78.0%,76.5%,73.5%,75.9%,77.1%,76.2%,68.7%,78.1%,76.7%,72.5%,76.3%,74.0%,76.9%,76.2%,78.7%,77.7%,77.6%,74.6%,State.xlsx,,,,,,,,,,,,,,,,,,,,,,,,,,,,,,,Southeast
KY,26.0,"During the next six months, do you think this business will be using Artificial Intelligence (AI) in producing goods or services? (Examples of AI: machine learning, natural language processing, virtual agents, voice recognition, etc.)",3.0,Do not know,22.8%,24.1%,26.6%,18.9%,24.1%,23.8%,20.5%,21.0%,23.4%,18.9%,23.1%,19.4%,22.4%,21.2%,23.4%,12.2%,20.1%,21.5%,17.0%,22.8%,24.1%,18.9%,21.9%,17.1%,16.7%,24.1%,10.2%,20.7%,17.1%,20.2%,21.4%,20.1%,19.3%,19.1%,26.9%,17.7%,19.7%,21.9%,20.1%,20.8%,18.2%,20.2%,18.0%,17.8%,19.1%,18.6%,State.xlsx,,,,,,,,,,,,,,,,,,,,,,,,,,,,,,,Southeast
LA,7.0,"In the last two weeks, did this business use Artificial Intelligence (AI) in producing goods or services? (Examples of AI: machine learning, natural language processing, virtual agents, voice recognition, etc.)",1.0,Yes,6.2%,7.0%,7.6%,4.1%,5.0%,5.6%,7.6%,5.5%,5.8%,4.1%,5.0%,6.3%,6.8%,S,4.2%,3.9%,3.7%,5.1%,5.6%,4.6%,5.0%,4.0%,S,3.9%,3.6%,S,3.1%,S,S,2.3%,S,S,S,3.3%,4.1%,3.3%,4.5%,S,3.4%,S,S,2.4%,2.6%,S,2.6%,S,State.xlsx,,,,,,,,,,,,,,,,,,,,,,,,,,,,,,,Southeast
LA,7.0,"In the last two weeks, did this business use Artificial Intelligence (AI) in producing goods or services? (Examples of AI: machine learning, natural language processing, virtual agents, voice recognition, etc.)",2.0,No,87.4%,85.1%,85.0%,91.8%,89.4%,87.0%,85.8%,87.4%,88.1%,88.1%,89.4%,88.9%,88.8%,91.3%,90.8%,87.9%,90.6%,89.2%,88.4%,90.2%,88.5%,91.2%,89.7%,88.2%,90.4%,88.7%,89.5%,87.9%,90.9%,90.5%,91.0%,88.5%,92.0%,89.7%,86.9%,86.5%,88.1%,87.2%,86.9%,83.4%,90.8%,93.1%,90.5%,90.5%,89.9%,89.4%,State.xlsx,,,,,,,,,,,,,,,,,,,,,,,,,,,,,,,Southeast
LA,7.0,"In the last two weeks, did this business use Artificial Intelligence (AI) in producing goods or services? (Examples of AI: machine learning, natural language processing, virtual agents, voice recognition, etc.)",3.0,Do not know,6.4%,7.9%,7.5%,4.1%,5.7%,7.4%,6.6%,7.2%,6.1%,7.8%,5.6%,4.8%,4.4%,5.5%,4.9%,8.2%,5.7%,5.7%,6.0%,5.3%,6.5%,4.8%,7.7%,7.9%,6.1%,8.4%,7.4%,9.5%,7.6%,7.2%,6.0%,9.0%,6.0%,7.0%,9.0%,10.2%,7.4%,10.4%,9.7%,13.7%,7.4%,4.5%,6.9%,8.5%,7.5%,8.2%,State.xlsx,,,,,,,,,,,,,,,,,,,,,,,,,,,,,,,Southeast
LA,26.0,"During the next six months, do you think this business will be using Artificial Intelligence (AI) in producing goods or services? (Examples of AI: machine learning, natural language processing, virtual agents, voice recognition, etc.)",1.0,Yes,8.9%,9.4%,11.4%,5.9%,7.4%,8.3%,11.2%,7.6%,6.2%,5.8%,6.8%,8.6%,11.5%,5.7%,5.4%,6.3%,5.5%,6.7%,6.8%,5.1%,6.7%,4.5%,2.9%,5.1%,5.9%,4.8%,4.6%,3.4%,S,3.2%,6.6%,6.1%,3.2%,3.5%,3.7%,4.5%,3.8%,3.9%,4.6%,3.4%,3.2%,6.4%,4.9%,2.6%,4.3%,5.3%,State.xlsx,,,,,,,,,,,,,,,,,,,,,,,,,,,,,,,Southeast
LA,26.0,"During the next six months, do you think this business will be using Artificial Intelligence (AI) in producing goods or services? (Examples of AI: machine learning, natural language processing, virtual agents, voice recognition, etc.)",2.0,No,68.4%,64.5%,70.0%,72.8%,73.6%,68.8%,68.6%,71.4%,76.1%,70.0%,71.6%,71.2%,67.4%,70.4%,74.0%,70.3%,76.6%,73.6%,70.8%,75.5%,73.2%,72.2%,76.0%,72.8%,72.8%,74.7%,75.3%,73.5%,81.7%,78.9%,74.3%,74.0%,83.0%,76.4%,78.9%,72.0%,76.0%,76.8%,75.2%,71.2%,78.1%,76.0%,74.6%,77.4%,78.2%,75.4%,State.xlsx,,,,,,,,,,,,,,,,,,,,,,,,,,,,,,,Southeast
LA,26.0,"During the next six months, do you think this business will be using Artificial Intelligence (AI) in producing goods or services? (Examples of AI: machine learning, natural language processing, virtual agents, voice recognition, etc.)",3.0,Do not know,22.7%,26.1%,18.6%,21.3%,19.0%,22.9%,20.2%,21.0%,17.7%,24.2%,21.6%,20.2%,21.1%,24.0%,20.5%,23.4%,17.9%,19.7%,22.4%,19.4%,20.1%,23.4%,21.1%,22.1%,21.3%,20.4%,20.1%,23.1%,16.6%,17.9%,19.0%,19.8%,13.8%,20.0%,17.4%,23.5%,20.2%,19.3%,20.2%,25.3%,18.6%,17.6%,20.5%,20.0%,17.5%,19.3%,State.xlsx,,,,,,,,,,,,,,,,,,,,,,,,,,,,,,,Southeast
MA,7.0,"In the last two weeks, did this business use Artificial Intelligence (AI) in producing goods or services? (Examples of AI: machine learning, natural language processing, virtual agents, voice recognition, etc.)",1.0,Yes,9.9%,12.3%,8.6%,7.4%,7.9%,9.9%,7.7%,8.8%,8.8%,7.2%,6.6%,7.3%,8.1%,6.6%,6.0%,5.6%,5.5%,7.6%,6.1%,5.7%,6.2%,4.7%,5.9%,5.5%,5.7%,6.2%,3.6%,5.5%,5.2%,5.2%,6.5%,5.3%,3.8%,6.7%,5.3%,6.4%,4.9%,5.6%,5.4%,6.6%,5.0%,4.4%,2.5%,4.6%,3.5%,3.9%,State.xlsx,,,,,,,,,,,,,,,,,,,,,,,,,,,,,,,Northeast
MA,7.0,"In the last two weeks, did this business use Artificial Intelligence (AI) in producing goods or services? (Examples of AI: machine learning, natural language processing, virtual agents, voice recognition, etc.)",2.0,No,84.3%,79.8%,82.7%,86.6%,88.0%,84.2%,86.4%,84.0%,84.9%,85.8%,88.1%,87.8%,84.4%,87.3%,89.0%,88.9%,88.7%,87.7%,88.3%,88.8%,88.5%,90.1%,86.2%,83.6%,85.7%,83.8%,86.1%,88.5%,86.1%,85.2%,87.8%,84.2%,89.5%,87.9%,83.6%,82.1%,84.8%,84.5%,82.0%,81.7%,88.0%,86.3%,91.5%,88.5%,90.5%,90.7%,State.xlsx,,,,,,,,,,,,,,,,,,,,,,,,,,,,,,,Northeast
MA,7.0,"In the last two weeks, did this business use Artificial Intelligence (AI) in producing goods or services? (Examples of AI: machine learning, natural language processing, virtual agents, voice recognition, etc.)",3.0,Do not know,5.8%,7.9%,8.7%,6.0%,4.1%,5.9%,5.9%,7.2%,6.3%,7.0%,5.3%,4.9%,7.4%,6.1%,5.0%,5.4%,5.8%,4.7%,5.7%,5.5%,5.3%,5.2%,8.0%,10.9%,8.6%,10.0%,10.2%,6.0%,8.7%,9.5%,5.7%,10.5%,6.7%,5.4%,11.1%,11.6%,10.3%,9.9%,12.5%,11.7%,7.0%,9.3%,6.0%,7.0%,5.9%,5.4%,State.xlsx,,,,,,,,,,,,,,,,,,,,,,,,,,,,,,,Northeast
MA,26.0,"During the next six months, do you think this business will be using Artificial Intelligence (AI) in producing goods or services? (Examples of AI: machine learning, natural language processing, virtual agents, voice recognition, etc.)",1.0,Yes,11.3%,14.2%,12.6%,9.9%,9.9%,12.4%,10.4%,10.7%,11.3%,10.4%,9.0%,12.2%,10.4%,10.9%,8.9%,7.9%,10.2%,11.4%,10.3%,8.6%,8.7%,6.7%,7.4%,7.3%,7.2%,9.3%,4.8%,7.4%,8.1%,8.5%,8.3%,7.0%,5.9%,9.7%,5.7%,8.2%,6.2%,8.9%,7.3%,10.3%,7.0%,6.3%,4.2%,7.4%,6.2%,7.0%,State.xlsx,,,,,,,,,,,,,,,,,,,,,,,,,,,,,,,Northeast
MA,26.0,"During the next six months, do you think this business will be using Artificial Intelligence (AI) in producing goods or services? (Examples of AI: machine learning, natural language processing, virtual agents, voice recognition, etc.)",2.0,No,66.7%,59.9%,66.3%,69.5%,69.4%,66.8%,63.9%,65.5%,67.6%,67.8%,67.4%,66.7%,67.1%,65.1%,70.1%,69.6%,65.7%,68.8%,66.6%,67.3%,69.8%,69.7%,71.8%,67.7%,70.9%,68.1%,69.9%,74.5%,70.3%,68.5%,72.7%,70.5%,73.3%,72.0%,68.1%,73.8%,73.3%,70.6%,69.8%,68.8%,73.9%,74.2%,74.1%,70.4%,76.0%,71.2%,State.xlsx,,,,,,,,,,,,,,,,,,,,,,,,,,,,,,,Northeast
MA,26.0,"During the next six months, do you think this business will be using Artificial Intelligence (AI) in producing goods or services? (Examples of AI: machine learning, natural language processing, virtual agents, voice recognition, etc.)",3.0,Do not know,22.0%,25.9%,21.1%,20.7%,20.7%,20.8%,25.7%,23.8%,21.2%,21.8%,23.7%,21.1%,22.6%,24.0%,21.0%,22.4%,24.1%,19.8%,23.1%,24.0%,21.5%,23.6%,20.8%,25.0%,21.9%,22.6%,25.4%,18.2%,21.7%,23.0%,18.9%,22.5%,20.8%,18.2%,26.2%,18.0%,20.4%,20.5%,22.9%,20.9%,19.2%,19.5%,21.8%,22.2%,17.8%,21.8%,State.xlsx,,,,,,,,,,,,,,,,,,,,,,,,,,,,,,,Northeast
MD,7.0,"In the last two weeks, did this business use Artificial Intelligence (AI) in producing goods or services? (Examples of AI: machine learning, natural language processing, virtual agents, voice recognition, etc.)",1.0,Yes,11.4%,10.8%,9.5%,8.0%,8.3%,7.2%,8.9%,9.9%,8.8%,5.6%,9.1%,6.3%,8.4%,5.2%,9.8%,5.9%,8.3%,6.5%,6.0%,7.2%,7.3%,4.2%,6.5%,6.8%,5.1%,5.3%,5.9%,4.9%,4.2%,4.5%,3.6%,5.0%,7.5%,4.3%,7.1%,5.2%,5.7%,5.5%,5.9%,4.7%,4.7%,4.5%,4.0%,4.7%,3.7%,3.4%,State.xlsx,,,,,,,,,,,,,,,,,,,,,,,,,,,,,,,Northeast
MD,7.0,"In the last two weeks, did this business use Artificial Intelligence (AI) in producing goods or services? (Examples of AI: machine learning, natural language processing, virtual agents, voice recognition, etc.)",2.0,No,83.4%,83.3%,83.2%,83.8%,86.3%,85.2%,85.0%,84.2%,83.5%,87.8%,84.9%,86.9%,87.3%,89.7%,82.4%,87.2%,86.3%,89.2%,87.1%,87.4%,87.8%,89.3%,84.7%,83.9%,85.2%,87.7%,85.8%,86.7%,87.4%,87.4%,88.6%,85.2%,85.2%,87.9%,81.4%,86.6%,81.3%,83.9%,85.6%,84.3%,87.2%,89.0%,89.4%,86.0%,89.9%,88.1%,State.xlsx,,,,,,,,,,,,,,,,,,,,,,,,,,,,,,,Northeast
MD,7.0,"In the last two weeks, did this business use Artificial Intelligence (AI) in producing goods or services? (Examples of AI: machine learning, natural language processing, virtual agents, voice recognition, etc.)",3.0,Do not know,5.2%,5.9%,7.2%,8.2%,5.4%,7.6%,6.1%,5.9%,7.6%,6.6%,6.0%,6.7%,4.4%,5.1%,7.9%,6.8%,5.4%,4.3%,6.9%,5.4%,4.9%,6.6%,8.8%,9.3%,9.8%,7.1%,8.2%,8.4%,8.5%,8.1%,7.8%,9.8%,7.3%,7.8%,11.5%,8.2%,13.0%,10.6%,8.5%,11.0%,8.0%,6.6%,6.5%,9.3%,6.4%,8.4%,State.xlsx,,,,,,,,,,,,,,,,,,,,,,,,,,,,,,,Northeast
MD,26.0,"During the next six months, do you think this business will be using Artificial Intelligence (AI) in producing goods or services? (Examples of AI: machine learning, natural language processing, virtual agents, voice recognition, etc.)",1.0,Yes,13.8%,14.5%,13.8%,10.9%,11.3%,10.3%,12.9%,11.6%,11.7%,9.3%,14.7%,10.4%,10.5%,9.1%,14.4%,8.4%,12.9%,10.3%,10.7%,11.5%,10.4%,7.5%,9.4%,8.8%,8.4%,6.1%,7.8%,6.8%,7.3%,7.0%,6.7%,7.2%,9.0%,7.0%,9.5%,5.5%,7.6%,7.2%,9.1%,6.9%,9.2%,7.7%,7.0%,9.0%,6.7%,6.2%,State.xlsx,,,,,,,,,,,,,,,,,,,,,,,,,,,,,,,Northeast
MD,26.0,"During the next six months, do you think this business will be using Artificial Intelligence (AI) in producing goods or services? (Examples of AI: machine learning, natural language processing, virtual agents, voice recognition, etc.)",2.0,No,65.3%,62.9%,62.0%,60.3%,68.6%,62.4%,64.0%,64.2%,60.2%,67.8%,62.1%,66.0%,66.2%,70.1%,66.9%,67.9%,64.7%,67.4%,63.8%,68.2%,69.7%,71.5%,68.1%,65.1%,70.7%,71.7%,71.4%,69.8%,67.5%,69.9%,76.0%,69.2%,70.2%,71.7%,64.4%,68.8%,67.3%,70.1%,68.0%,69.0%,69.5%,71.0%,73.5%,68.5%,71.9%,74.1%,State.xlsx,,,,,,,,,,,,,,,,,,,,,,,,,,,,,,,Northeast
MD,26.0,"During the next six months, do you think this business will be using Artificial Intelligence (AI) in producing goods or services? (Examples of AI: machine learning, natural language processing, virtual agents, voice recognition, etc.)",3.0,Do not know,20.8%,22.7%,24.2%,28.8%,20.0%,27.3%,23.1%,24.2%,28.1%,22.9%,23.3%,23.6%,23.4%,20.8%,18.8%,23.7%,22.4%,22.3%,25.4%,20.2%,19.9%,21.0%,22.5%,26.1%,20.9%,22.1%,20.8%,23.5%,25.3%,23.1%,17.3%,23.6%,20.7%,21.3%,26.0%,25.7%,25.2%,22.7%,22.9%,24.1%,21.3%,21.3%,19.5%,22.5%,21.4%,19.7%,State.xlsx,,,,,,,,,,,,,,,,,,,,,,,,,,,,,,,Northeast
ME,7.0,"In the last two weeks, did this business use Artificial Intelligence (AI) in producing goods or services? (Examples of AI: machine learning, natural language processing, virtual agents, voice recognition, etc.)",1.0,Yes,7.2%,8.0%,S,S,6.2%,S,9.2%,S,S,S,5.7%,S,S,S,S,S,S,6.4%,S,S,S,S,S,S,S,S,S,S,S,S,S,S,S,S,S,S,S,S,S,S,S,S,S,S,S,S,State.xlsx,,,,,,,,,,,,,,,,,,,,,,,,,,,,,,,Northeast
ME,7.0,"In the last two weeks, did this business use Artificial Intelligence (AI) in producing goods or services? (Examples of AI: machine learning, natural language processing, virtual agents, voice recognition, etc.)",2.0,No,90.2%,88.8%,94.7%,91.4%,91.2%,93.3%,86.2%,92.2%,93.7%,93.8%,93.6%,94.1%,96.4%,92.5%,92.6%,94.0%,95.3%,91.6%,92.3%,92.0%,93.5%,93.2%,93.7%,88.8%,94.3%,90.7%,91.6%,95.5%,96.7%,88.2%,95.7%,95.1%,88.9%,95.0%,92.3%,91.6%,89.2%,90.2%,90.1%,88.2%,95.1%,90.6%,96.1%,93.0%,93.2%,96.7%,State.xlsx,,,,,,,,,,,,,,,,,,,,,,,,,,,,,,,Northeast
ME,7.0,"In the last two weeks, did this business use Artificial Intelligence (AI) in producing goods or services? (Examples of AI: machine learning, natural language processing, virtual agents, voice recognition, etc.)",3.0,Do not know,S,S,S,S,S,S,S,S,S,S,S,S,S,S,S,S,S,S,3.6%,S,S,S,S,S,S,S,6.2%,S,S,7.6%,S,S,8.1%,S,S,S,8.6%,S,8.6%,9.4%,S,6.2%,S,4.8%,S,S,State.xlsx,,,,,,,,,,,,,,,,,,,,,,,,,,,,,,,Northeast
ME,26.0,"During the next six months, do you think this business will be using Artificial Intelligence (AI) in producing goods or services? (Examples of AI: machine learning, natural language processing, virtual agents, voice recognition, etc.)",1.0,Yes,8.7%,8.6%,S,S,7.5%,7.5%,9.0%,S,S,5.7%,6.2%,8.3%,S,4.8%,7.4%,6.9%,5.1%,6.8%,8.7%,S,S,8.0%,S,7.6%,S,S,S,S,S,7.0%,S,S,6.4%,S,S,S,S,S,S,S,S,5.5%,4.7%,S,5.8%,S,State.xlsx,,,,,,,,,,,,,,,,,,,,,,,,,,,,,,,Northeast
ME,26.0,"During the next six months, do you think this business will be using Artificial Intelligence (AI) in producing goods or services? (Examples of AI: machine learning, natural language processing, virtual agents, voice recognition, etc.)",2.0,No,77.1%,77.3%,79.8%,73.9%,80.2%,78.3%,75.5%,78.0%,81.8%,75.7%,81.1%,75.5%,78.6%,80.4%,78.1%,72.3%,82.0%,75.3%,76.5%,79.2%,81.4%,73.4%,80.0%,73.3%,73.8%,75.0%,79.1%,85.1%,84.8%,75.5%,84.8%,84.8%,77.1%,86.1%,86.8%,73.9%,76.6%,74.9%,74.6%,79.7%,83.3%,82.5%,78.9%,86.4%,78.1%,88.2%,State.xlsx,,,,,,,,,,,,,,,,,,,,,,,,,,,,,,,Northeast
ME,26.0,"During the next six months, do you think this business will be using Artificial Intelligence (AI) in producing goods or services? (Examples of AI: machine learning, natural language processing, virtual agents, voice recognition, etc.)",3.0,Do not know,14.2%,14.1%,14.0%,21.8%,12.3%,14.2%,15.5%,17.2%,12.3%,18.6%,12.7%,16.2%,16.5%,14.8%,14.5%,20.8%,12.9%,17.8%,14.8%,16.6%,16.0%,18.6%,16.2%,19.1%,22.4%,19.3%,18.1%,10.3%,12.0%,17.5%,14.2%,11.9%,16.5%,11.8%,12.5%,21.1%,22.2%,19.7%,19.9%,16.1%,14.2%,12.0%,16.4%,9.9%,16.1%,9.3%,State.xlsx,,,,,,,,,,,,,,,,,,,,,,,,,,,,,,,Northeast
MI,7.0,"In the last two weeks, did this business use Artificial Intelligence (AI) in producing goods or services? (Examples of AI: machine learning, natural language processing, virtual agents, voice recognition, etc.)",1.0,Yes,8.1%,7.7%,6.7%,8.8%,6.7%,7.5%,7.4%,5.3%,5.4%,5.7%,6.1%,3.4%,5.7%,5.1%,5.8%,5.2%,7.5%,5.4%,5.1%,5.4%,5.7%,3.9%,4.5%,4.4%,4.8%,4.8%,4.7%,3.8%,3.3%,4.2%,3.7%,4.0%,4.6%,3.3%,3.8%,3.3%,3.6%,4.2%,3.6%,4.2%,3.1%,4.0%,3.0%,2.6%,2.3%,2.6%,State.xlsx,,,,,,,,,,,,,,,,,,,,,,,,,,,,,,,Midwest
MI,7.0,"In the last two weeks, did this business use Artificial Intelligence (AI) in producing goods or services? (Examples of AI: machine learning, natural language processing, virtual agents, voice recognition, etc.)",2.0,No,86.4%,84.0%,85.9%,85.2%,85.8%,85.3%,88.7%,89.1%,89.4%,89.8%,88.9%,90.8%,89.5%,88.0%,87.1%,89.7%,87.9%,88.7%,90.8%,89.6%,88.9%,89.5%,88.3%,87.6%,88.1%,87.7%,89.3%,90.6%,90.9%,86.7%,89.3%,87.3%,88.0%,89.6%,87.8%,88.8%,83.8%,85.6%,88.5%,85.3%,89.9%,89.2%,91.6%,91.8%,89.9%,91.9%,State.xlsx,,,,,,,,,,,,,,,,,,,,,,,,,,,,,,,Midwest
MI,7.0,"In the last two weeks, did this business use Artificial Intelligence (AI) in producing goods or services? (Examples of AI: machine learning, natural language processing, virtual agents, voice recognition, etc.)",3.0,Do not know,5.5%,8.3%,7.4%,6.0%,7.5%,7.2%,3.8%,5.6%,5.2%,4.4%,5.0%,5.8%,4.9%,6.9%,7.1%,5.1%,4.6%,6.0%,4.1%,5.0%,5.4%,6.6%,7.2%,8.0%,7.0%,7.6%,6.0%,5.5%,5.8%,9.1%,7.0%,8.7%,7.4%,7.1%,8.4%,7.9%,12.6%,10.2%,7.8%,10.5%,7.0%,6.8%,5.3%,5.7%,7.8%,5.5%,State.xlsx,,,,,,,,,,,,,,,,,,,,,,,,,,,,,,,Midwest
MI,26.0,"During the next six months, do you think this business will be using Artificial Intelligence (AI) in producing goods or services? (Examples of AI: machine learning, natural language processing, virtual agents, voice recognition, etc.)",1.0,Yes,10.1%,9.8%,8.6%,10.3%,10.2%,9.4%,8.9%,7.5%,7.4%,8.1%,8.5%,7.5%,8.9%,8.1%,9.2%,7.2%,9.6%,8.2%,7.6%,7.3%,7.9%,6.0%,6.0%,6.1%,6.7%,5.7%,5.2%,5.7%,4.7%,6.8%,5.1%,6.2%,5.5%,5.5%,5.7%,4.5%,5.3%,6.4%,6.4%,4.5%,5.3%,5.6%,5.6%,4.9%,3.8%,3.8%,State.xlsx,,,,,,,,,,,,,,,,,,,,,,,,,,,,,,,Midwest
MI,26.0,"During the next six months, do you think this business will be using Artificial Intelligence (AI) in producing goods or services? (Examples of AI: machine learning, natural language processing, virtual agents, voice recognition, etc.)",2.0,No,66.3%,67.6%,67.5%,68.3%,67.8%,69.1%,68.4%,70.8%,69.0%,71.0%,71.7%,68.9%,70.8%,69.0%,68.1%,74.3%,68.8%,68.2%,73.5%,71.8%,72.8%,73.9%,72.8%,73.1%,71.5%,73.3%,76.1%,74.7%,77.0%,72.7%,74.6%,73.8%,75.3%,76.4%,72.4%,74.4%,72.5%,70.0%,74.1%,74.1%,76.1%,75.9%,74.8%,76.9%,77.6%,77.8%,State.xlsx,,,,,,,,,,,,,,,,,,,,,,,,,,,,,,,Midwest
MI,26.0,"During the next six months, do you think this business will be using Artificial Intelligence (AI) in producing goods or services? (Examples of AI: machine learning, natural language processing, virtual agents, voice recognition, etc.)",3.0,Do not know,23.6%,22.6%,24.0%,21.4%,22.0%,21.6%,22.7%,21.7%,23.6%,20.9%,19.8%,23.6%,20.3%,22.9%,22.7%,18.5%,21.6%,23.6%,18.9%,20.8%,19.3%,20.2%,21.2%,20.8%,21.8%,21.0%,18.7%,19.6%,18.3%,20.5%,20.2%,20.0%,19.2%,18.1%,21.9%,21.0%,22.3%,23.6%,19.5%,21.3%,18.6%,18.5%,19.5%,18.1%,18.6%,18.4%,State.xlsx,,,,,,,,,,,,,,,,,,,,,,,,,,,,,,,Midwest
MN,7.0,"In the last two weeks, did this business use Artificial Intelligence (AI) in producing goods or services? (Examples of AI: machine learning, natural language processing, virtual agents, voice recognition, etc.)",1.0,Yes,10.8%,11.8%,11.9%,9.9%,8.9%,7.1%,7.5%,10.4%,8.4%,7.6%,7.1%,6.6%,7.1%,7.8%,8.3%,10.4%,6.0%,4.4%,6.0%,6.6%,5.6%,6.5%,6.0%,5.1%,7.0%,5.0%,5.4%,5.2%,5.3%,5.4%,4.3%,4.6%,3.5%,3.4%,4.8%,5.6%,6.5%,4.6%,4.3%,4.9%,3.4%,5.4%,3.4%,2.7%,3.9%,5.2%,State.xlsx,,,,,,,,,,,,,,,,,,,,,,,,,,,,,,,Midwest
MN,7.0,"In the last two weeks, did this business use Artificial Intelligence (AI) in producing goods or services? (Examples of AI: machine learning, natural language processing, virtual agents, voice recognition, etc.)",2.0,No,83.7%,83.8%,82.1%,85.6%,84.9%,85.3%,90.2%,83.9%,86.0%,88.1%,87.2%,88.8%,90.1%,87.4%,86.2%,83.7%,89.0%,90.3%,90.9%,88.3%,90.2%,91.1%,88.6%,89.1%,86.7%,88.8%,88.4%,88.3%,89.6%,91.3%,89.6%,88.9%,89.3%,90.9%,87.4%,86.6%,85.0%,89.2%,85.5%,87.9%,92.0%,89.8%,92.9%,92.7%,89.7%,90.0%,State.xlsx,,,,,,,,,,,,,,,,,,,,,,,,,,,,,,,Midwest
MN,7.0,"In the last two weeks, did this business use Artificial Intelligence (AI) in producing goods or services? (Examples of AI: machine learning, natural language processing, virtual agents, voice recognition, etc.)",3.0,Do not know,5.5%,4.5%,6.0%,4.5%,6.2%,7.6%,2.3%,5.7%,5.6%,4.3%,5.6%,4.6%,2.8%,4.8%,5.6%,5.9%,5.0%,5.3%,3.1%,5.1%,4.2%,2.4%,5.4%,5.8%,6.3%,6.2%,6.2%,6.6%,5.1%,3.3%,6.1%,6.5%,7.3%,5.8%,7.8%,7.9%,8.5%,6.2%,10.2%,7.2%,4.6%,4.8%,3.7%,4.6%,6.5%,4.8%,State.xlsx,,,,,,,,,,,,,,,,,,,,,,,,,,,,,,,Midwest
MN,26.0,"During the next six months, do you think this business will be using Artificial Intelligence (AI) in producing goods or services? (Examples of AI: machine learning, natural language processing, virtual agents, voice recognition, etc.)",1.0,Yes,13.1%,14.2%,13.3%,13.2%,11.3%,7.8%,8.8%,14.4%,11.7%,9.7%,9.0%,11.2%,10.0%,10.8%,10.8%,11.4%,9.3%,6.8%,8.6%,10.2%,9.4%,10.0%,7.8%,8.4%,10.3%,6.9%,11.2%,7.9%,7.3%,7.9%,8.4%,6.4%,5.6%,6.1%,7.3%,7.6%,9.6%,6.8%,5.8%,7.3%,6.8%,9.1%,5.9%,5.7%,8.3%,7.8%,State.xlsx,,,,,,,,,,,,,,,,,,,,,,,,,,,,,,,Midwest
MN,26.0,"During the next six months, do you think this business will be using Artificial Intelligence (AI) in producing goods or services? (Examples of AI: machine learning, natural language processing, virtual agents, voice recognition, etc.)",2.0,No,66.9%,67.6%,66.3%,69.4%,70.0%,69.2%,74.1%,65.0%,66.5%,70.1%,68.2%,72.8%,72.1%,71.6%,67.4%,67.7%,70.5%,74.0%,74.4%,69.4%,69.2%,73.1%,72.9%,75.5%,68.7%,75.3%,72.3%,72.4%,74.6%,75.0%,72.8%,76.0%,72.3%,75.2%,74.3%,73.2%,68.8%,75.0%,72.7%,72.7%,75.8%,76.9%,77.6%,77.0%,74.7%,75.6%,State.xlsx,,,,,,,,,,,,,,,,,,,,,,,,,,,,,,,Midwest
MN,26.0,"During the next six months, do you think this business will be using Artificial Intelligence (AI) in producing goods or services? (Examples of AI: machine learning, natural language processing, virtual agents, voice recognition, etc.)",3.0,Do not know,20.0%,18.2%,20.4%,17.4%,18.6%,22.9%,17.1%,20.6%,21.8%,20.2%,22.8%,16.0%,17.9%,17.6%,21.8%,20.9%,20.1%,19.2%,17.1%,20.4%,21.4%,16.9%,19.4%,16.1%,21.0%,17.9%,16.4%,19.7%,18.1%,17.2%,18.8%,17.7%,22.1%,18.7%,18.3%,19.2%,21.6%,18.2%,21.5%,20.0%,17.4%,14.0%,16.5%,17.3%,17.0%,16.6%,State.xlsx,,,,,,,,,,,,,,,,,,,,,,,,,,,,,,,Midwest
MO,7.0,"In the last two weeks, did this business use Artificial Intelligence (AI) in producing goods or services? (Examples of AI: machine learning, natural language processing, virtual agents, voice recognition, etc.)",1.0,Yes,8.9%,8.3%,6.9%,5.5%,7.8%,6.4%,5.7%,6.3%,6.4%,5.2%,5.7%,5.8%,3.6%,4.9%,5.4%,5.0%,4.6%,4.1%,4.6%,4.6%,6.1%,5.4%,5.6%,3.9%,S,2.8%,4.8%,4.2%,4.6%,3.9%,4.2%,4.1%,4.9%,2.0%,4.0%,4.4%,4.6%,4.1%,6.8%,4.5%,2.8%,3.4%,2.3%,3.2%,4.0%,3.1%,State.xlsx,,,,,,,,,,,,,,,,,,,,,,,,,,,,,,,Midwest
MO,7.0,"In the last two weeks, did this business use Artificial Intelligence (AI) in producing goods or services? (Examples of AI: machine learning, natural language processing, virtual agents, voice recognition, etc.)",2.0,No,84.4%,86.3%,87.6%,86.9%,86.3%,85.9%,88.7%,84.0%,87.9%,87.1%,89.6%,89.0%,90.2%,89.4%,90.1%,87.8%,90.7%,89.4%,89.5%,88.7%,88.5%,87.9%,85.9%,87.8%,91.0%,88.4%,90.9%,86.6%,87.6%,90.0%,90.1%,88.8%,90.7%,89.6%,87.2%,85.5%,88.1%,88.0%,82.2%,85.0%,91.5%,89.9%,91.7%,92.3%,90.9%,91.6%,State.xlsx,,,,,,,,,,,,,,,,,,,,,,,,,,,,,,,Midwest
MO,7.0,"In the last two weeks, did this business use Artificial Intelligence (AI) in producing goods or services? (Examples of AI: machine learning, natural language processing, virtual agents, voice recognition, etc.)",3.0,Do not know,6.7%,5.4%,5.5%,7.6%,5.9%,7.7%,5.6%,9.7%,5.7%,7.7%,4.7%,5.1%,6.2%,5.8%,4.5%,7.2%,4.7%,6.5%,5.9%,6.8%,5.3%,6.7%,8.5%,8.3%,7.3%,8.9%,4.3%,9.2%,7.8%,6.1%,5.7%,7.1%,4.4%,8.4%,8.8%,10.1%,7.4%,7.9%,11.0%,10.5%,5.7%,6.7%,6.1%,4.5%,5.2%,5.3%,State.xlsx,,,,,,,,,,,,,,,,,,,,,,,,,,,,,,,Midwest
MO,26.0,"During the next six months, do you think this business will be using Artificial Intelligence (AI) in producing goods or services? (Examples of AI: machine learning, natural language processing, virtual agents, voice recognition, etc.)",1.0,Yes,11.4%,12.4%,9.5%,7.1%,12.2%,9.5%,8.1%,8.5%,11.5%,7.7%,8.5%,8.4%,5.6%,9.6%,7.9%,6.3%,8.3%,7.1%,8.0%,6.4%,8.4%,7.4%,7.1%,5.8%,5.1%,5.0%,6.8%,7.1%,6.0%,6.3%,5.3%,5.2%,7.0%,4.4%,4.7%,6.4%,5.9%,4.5%,5.8%,6.7%,5.2%,5.0%,4.4%,4.8%,5.3%,6.0%,State.xlsx,,,,,,,,,,,,,,,,,,,,,,,,,,,,,,,Midwest
MO,26.0,"During the next six months, do you think this business will be using Artificial Intelligence (AI) in producing goods or services? (Examples of AI: machine learning, natural language processing, virtual agents, voice recognition, etc.)",2.0,No,67.6%,62.5%,70.6%,71.5%,65.4%,66.1%,67.1%,69.7%,72.1%,68.0%,71.6%,76.1%,75.5%,67.0%,72.3%,69.3%,71.9%,73.3%,72.8%,71.2%,71.5%,71.8%,72.8%,73.8%,75.7%,76.3%,76.5%,73.4%,75.8%,74.8%,78.1%,77.1%,74.0%,74.9%,75.6%,72.0%,73.0%,79.6%,74.3%,74.1%,75.9%,77.4%,81.2%,79.1%,76.4%,78.3%,State.xlsx,,,,,,,,,,,,,,,,,,,,,,,,,,,,,,,Midwest
MO,26.0,"During the next six months, do you think this business will be using Artificial Intelligence (AI) in producing goods or services? (Examples of AI: machine learning, natural language processing, virtual agents, voice recognition, etc.)",3.0,Do not know,21.0%,25.1%,19.9%,21.4%,22.3%,24.4%,24.8%,21.8%,16.4%,24.2%,19.9%,15.5%,19.0%,23.4%,19.8%,24.4%,19.8%,19.6%,19.2%,22.4%,20.1%,20.8%,20.1%,20.4%,19.3%,18.7%,16.7%,19.5%,18.2%,19.0%,16.6%,17.7%,19.0%,20.6%,19.6%,21.6%,21.1%,15.9%,19.9%,19.2%,18.8%,17.5%,14.4%,16.1%,18.3%,15.7%,State.xlsx,,,,,,,,,,,,,,,,,,,,,,,,,,,,,,,Midwest
MS,7.0,"In the last two weeks, did this business use Artificial Intelligence (AI) in producing goods or services? (Examples of AI: machine learning, natural language processing, virtual agents, voice recognition, etc.)",1.0,Yes,S,S,S,S,S,S,S,6.4%,S,S,S,S,S,S,S,S,S,S,S,S,S,S,S,S,S,S,S,S,S,S,S,S,S,S,S,S,S,S,S,S,S,S,S,S,S,S,State.xlsx,,,,,,,,,,,,,,,,,,,,,,,,,,,,,,,Southeast
MS,7.0,"In the last two weeks, did this business use Artificial Intelligence (AI) in producing goods or services? (Examples of AI: machine learning, natural language processing, virtual agents, voice recognition, etc.)",2.0,No,86.5%,85.2%,87.9%,90.9%,85.7%,91.5%,88.3%,89.2%,87.5%,89.6%,87.0%,91.7%,95.4%,92.1%,88.4%,88.1%,86.7%,93.6%,94.3%,89.8%,93.0%,91.5%,88.7%,87.8%,86.8%,87.1%,84.4%,96.4%,89.2%,87.5%,87.5%,90.6%,86.7%,93.1%,88.7%,82.3%,85.6%,84.7%,86.4%,88.9%,93.2%,91.4%,91.7%,92.8%,90.7%,92.2%,State.xlsx,,,,,,,,,,,,,,,,,,,,,,,,,,,,,,,Southeast
MS,7.0,"In the last two weeks, did this business use Artificial Intelligence (AI) in producing goods or services? (Examples of AI: machine learning, natural language processing, virtual agents, voice recognition, etc.)",3.0,Do not know,8.1%,9.8%,S,S,11.3%,S,8.0%,S,6.5%,S,11.2%,S,S,6.2%,S,10.0%,10.2%,S,S,7.1%,4.9%,S,7.3%,10.3%,10.0%,10.4%,11.9%,S,8.1%,9.1%,8.9%,7.9%,10.5%,S,10.0%,14.1%,13.9%,12.5%,11.8%,10.6%,5.5%,6.2%,6.6%,5.1%,6.7%,6.7%,State.xlsx,,,,,,,,,,,,,,,,,,,,,,,,,,,,,,,Southeast
MS,26.0,"During the next six months, do you think this business will be using Artificial Intelligence (AI) in producing goods or services? (Examples of AI: machine learning, natural language processing, virtual agents, voice recognition, etc.)",1.0,Yes,6.3%,S,S,S,S,S,7.0%,8.4%,S,S,S,S,S,S,S,S,4.3%,S,S,5.2%,S,S,6.0%,S,S,S,S,S,S,S,S,S,6.6%,S,S,S,S,S,S,S,S,S,S,S,S,S,State.xlsx,,,,,,,,,,,,,,,,,,,,,,,,,,,,,,,Southeast
MS,26.0,"During the next six months, do you think this business will be using Artificial Intelligence (AI) in producing goods or services? (Examples of AI: machine learning, natural language processing, virtual agents, voice recognition, etc.)",2.0,No,68.8%,69.2%,70.0%,73.0%,73.3%,77.2%,66.2%,69.4%,73.0%,74.7%,72.4%,81.4%,76.4%,71.2%,77.5%,76.5%,70.7%,77.0%,79.4%,77.4%,75.3%,76.8%,72.0%,75.9%,75.8%,74.6%,70.1%,82.9%,74.1%,73.2%,75.3%,75.6%,74.2%,81.0%,72.5%,70.8%,74.3%,77.7%,72.5%,87.6%,77.4%,77.7%,79.5%,80.6%,74.8%,85.1%,State.xlsx,,,,,,,,,,,,,,,,,,,,,,,,,,,,,,,Southeast
MS,26.0,"During the next six months, do you think this business will be using Artificial Intelligence (AI) in producing goods or services? (Examples of AI: machine learning, natural language processing, virtual agents, voice recognition, etc.)",3.0,Do not know,24.9%,25.2%,22.8%,24.3%,21.8%,19.8%,26.9%,22.2%,18.5%,21.6%,24.8%,15.2%,20.4%,26.4%,17.0%,22.2%,25.0%,19.7%,16.2%,17.4%,21.3%,20.3%,22.0%,20.3%,20.6%,23.0%,24.7%,14.1%,21.4%,22.2%,19.8%,21.8%,19.3%,16.7%,24.4%,26.0%,23.2%,18.1%,23.2%,11.2%,21.0%,17.8%,18.7%,16.0%,20.8%,12.0%,State.xlsx,,,,,,,,,,,,,,,,,,,,,,,,,,,,,,,Southeast
MT,7.0,"In the last two weeks, did this business use Artificial Intelligence (AI) in producing goods or services? (Examples of AI: machine learning, natural language processing, virtual agents, voice recognition, etc.)",1.0,Yes,8.3%,14.4%,S,7.8%,6.3%,9.9%,7.9%,9.0%,S,6.1%,10.3%,S,S,S,S,S,5.8%,S,S,8.1%,7.4%,5.7%,S,S,S,S,S,S,S,S,3.5%,6.4%,6.3%,S,S,S,5.8%,S,S,S,4.6%,4.7%,S,S,S,S,State.xlsx,,,,,,,,,,,,,,,,,,,,,,,,,,,,,,,West
MT,7.0,"In the last two weeks, did this business use Artificial Intelligence (AI) in producing goods or services? (Examples of AI: machine learning, natural language processing, virtual agents, voice recognition, etc.)",2.0,No,87.4%,80.3%,83.9%,88.3%,88.5%,84.5%,88.1%,89.1%,92.4%,89.0%,85.2%,90.4%,87.9%,90.8%,94.3%,94.5%,90.1%,92.0%,90.9%,90.9%,88.2%,93.5%,85.9%,93.0%,86.9%,91.1%,90.2%,89.7%,92.5%,90.9%,90.0%,89.9%,88.7%,92.8%,91.1%,89.9%,85.1%,85.9%,92.6%,87.5%,88.7%,90.7%,92.0%,92.8%,91.3%,94.1%,State.xlsx,,,,,,,,,,,,,,,,,,,,,,,,,,,,,,,West
MT,7.0,"In the last two weeks, did this business use Artificial Intelligence (AI) in producing goods or services? (Examples of AI: machine learning, natural language processing, virtual agents, voice recognition, etc.)",3.0,Do not know,S,S,7.9%,S,S,5.6%,S,S,S,S,S,S,S,S,S,S,S,S,S,S,S,S,8.5%,S,8.0%,4.8%,S,6.2%,5.4%,4.7%,6.5%,S,S,S,6.3%,6.1%,9.1%,9.9%,S,7.7%,6.7%,4.6%,4.4%,S,S,S,State.xlsx,,,,,,,,,,,,,,,,,,,,,,,,,,,,,,,West
MT,26.0,"During the next six months, do you think this business will be using Artificial Intelligence (AI) in producing goods or services? (Examples of AI: machine learning, natural language processing, virtual agents, voice recognition, etc.)",1.0,Yes,10.4%,17.6%,11.6%,12.6%,10.0%,10.1%,10.9%,15.0%,S,10.3%,13.7%,10.0%,13.2%,6.8%,S,8.9%,8.5%,6.6%,6.3%,7.6%,9.2%,5.4%,S,S,8.7%,9.5%,S,S,S,6.3%,S,9.0%,9.6%,S,S,S,5.7%,S,S,7.6%,6.6%,5.3%,4.6%,5.0%,6.4%,4.5%,State.xlsx,,,,,,,,,,,,,,,,,,,,,,,,,,,,,,,West
MT,26.0,"During the next six months, do you think this business will be using Artificial Intelligence (AI) in producing goods or services? (Examples of AI: machine learning, natural language processing, virtual agents, voice recognition, etc.)",2.0,No,72.5%,64.7%,69.6%,73.2%,66.2%,73.8%,74.6%,72.0%,70.7%,70.8%,64.2%,63.1%,75.3%,77.0%,76.1%,72.7%,76.8%,71.0%,72.6%,71.8%,74.7%,75.8%,78.2%,74.6%,74.2%,73.8%,78.1%,77.5%,79.4%,77.4%,74.8%,76.1%,71.8%,80.1%,79.3%,78.2%,76.2%,70.1%,83.2%,72.0%,80.8%,79.0%,78.9%,79.0%,80.4%,82.4%,State.xlsx,,,,,,,,,,,,,,,,,,,,,,,,,,,,,,,West
MT,26.0,"During the next six months, do you think this business will be using Artificial Intelligence (AI) in producing goods or services? (Examples of AI: machine learning, natural language processing, virtual agents, voice recognition, etc.)",3.0,Do not know,17.1%,17.7%,18.8%,14.2%,23.8%,16.1%,14.5%,13.1%,24.5%,18.9%,22.1%,26.9%,11.5%,16.2%,19.4%,18.4%,14.7%,22.4%,21.0%,20.5%,16.2%,18.8%,16.6%,21.3%,17.2%,16.7%,15.2%,16.8%,14.1%,16.3%,20.9%,15.0%,18.6%,14.7%,18.0%,16.6%,18.1%,26.7%,12.9%,20.4%,12.6%,15.7%,16.5%,16.0%,13.2%,13.1%,State.xlsx,,,,,,,,,,,,,,,,,,,,,,,,,,,,,,,West
NC,7.0,"In the last two weeks, did this business use Artificial Intelligence (AI) in producing goods or services? (Examples of AI: machine learning, natural language processing, virtual agents, voice recognition, etc.)",1.0,Yes,10.9%,7.5%,8.6%,10.6%,7.7%,6.6%,8.0%,7.2%,7.1%,8.9%,5.8%,4.8%,5.4%,5.6%,5.8%,5.6%,5.1%,5.9%,4.8%,4.6%,6.4%,5.7%,3.9%,4.5%,3.4%,4.1%,4.7%,5.9%,5.1%,5.7%,4.8%,3.5%,5.4%,4.2%,5.4%,5.1%,5.4%,4.0%,5.6%,5.3%,4.3%,4.7%,4.3%,3.9%,3.5%,3.8%,State.xlsx,,,,,,,,,,,,,,,,,,,,,,,,,,,,,,,Southeast
NC,7.0,"In the last two weeks, did this business use Artificial Intelligence (AI) in producing goods or services? (Examples of AI: machine learning, natural language processing, virtual agents, voice recognition, etc.)",2.0,No,83.2%,86.3%,86.0%,81.7%,85.9%,85.3%,87.9%,87.7%,86.5%,85.5%,89.1%,88.6%,89.2%,88.7%,87.7%,88.3%,89.6%,90.0%,91.0%,90.1%,88.4%,89.9%,90.5%,89.8%,89.4%,89.1%,89.7%,87.7%,88.8%,87.1%,90.9%,90.4%,89.5%,88.6%,85.9%,88.1%,86.0%,85.9%,84.3%,83.2%,89.8%,89.5%,90.9%,91.2%,92.8%,90.8%,State.xlsx,,,,,,,,,,,,,,,,,,,,,,,,,,,,,,,Southeast
NC,7.0,"In the last two weeks, did this business use Artificial Intelligence (AI) in producing goods or services? (Examples of AI: machine learning, natural language processing, virtual agents, voice recognition, etc.)",3.0,Do not know,5.9%,6.2%,5.4%,7.7%,6.4%,8.1%,4.1%,5.0%,6.5%,5.6%,5.1%,6.5%,5.4%,5.7%,6.5%,6.1%,5.3%,4.1%,4.3%,5.3%,5.1%,4.4%,5.6%,5.8%,7.2%,6.8%,5.6%,6.5%,6.0%,7.2%,4.3%,6.1%,5.1%,7.2%,8.7%,6.9%,8.6%,10.1%,10.1%,11.6%,5.8%,5.9%,4.8%,5.0%,3.7%,5.5%,State.xlsx,,,,,,,,,,,,,,,,,,,,,,,,,,,,,,,Southeast
NC,26.0,"During the next six months, do you think this business will be using Artificial Intelligence (AI) in producing goods or services? (Examples of AI: machine learning, natural language processing, virtual agents, voice recognition, etc.)",1.0,Yes,14.3%,9.3%,9.8%,13.0%,10.7%,9.3%,10.7%,9.7%,10.3%,10.4%,8.5%,7.9%,8.3%,9.1%,8.5%,8.5%,8.3%,9.2%,7.9%,9.6%,8.5%,7.3%,5.8%,7.4%,4.6%,6.1%,6.7%,7.2%,7.3%,6.9%,6.2%,5.7%,6.9%,7.1%,6.0%,7.7%,6.9%,4.8%,7.7%,6.7%,7.2%,7.9%,5.9%,6.3%,6.4%,6.6%,State.xlsx,,,,,,,,,,,,,,,,,,,,,,,,,,,,,,,Southeast
NC,26.0,"During the next six months, do you think this business will be using Artificial Intelligence (AI) in producing goods or services? (Examples of AI: machine learning, natural language processing, virtual agents, voice recognition, etc.)",2.0,No,65.6%,69.3%,68.6%,62.9%,67.8%,67.7%,67.3%,68.3%,68.8%,66.2%,71.2%,72.7%,70.9%,68.6%,67.0%,69.7%,71.8%,70.7%,70.0%,70.7%,70.2%,72.8%,70.6%,73.0%,74.6%,73.6%,74.1%,70.9%,72.3%,75.0%,78.2%,76.4%,74.8%,74.7%,75.3%,75.9%,71.8%,74.3%,71.7%,73.8%,72.3%,75.6%,77.5%,77.0%,77.0%,76.7%,State.xlsx,,,,,,,,,,,,,,,,,,,,,,,,,,,,,,,Southeast
NC,26.0,"During the next six months, do you think this business will be using Artificial Intelligence (AI) in producing goods or services? (Examples of AI: machine learning, natural language processing, virtual agents, voice recognition, etc.)",3.0,Do not know,20.1%,21.4%,21.6%,24.1%,21.5%,23.0%,22.0%,22.0%,20.9%,23.4%,20.3%,19.4%,20.9%,22.3%,24.5%,21.7%,19.9%,20.1%,22.1%,19.7%,21.3%,19.9%,23.6%,19.6%,20.8%,20.4%,19.2%,21.9%,20.4%,18.1%,15.6%,17.9%,18.3%,18.2%,18.8%,16.4%,21.3%,20.9%,20.5%,19.5%,20.4%,16.5%,16.6%,16.8%,16.6%,16.7%,State.xlsx,,,,,,,,,,,,,,,,,,,,,,,,,,,,,,,Southeast
ND,7.0,"In the last two weeks, did this business use Artificial Intelligence (AI) in producing goods or services? (Examples of AI: machine learning, natural language processing, virtual agents, voice recognition, etc.)",1.0,Yes,S,S,S,S,S,S,S,S,S,S,S,S,S,S,S,S,S,S,S,S,S,S,S,S,S,S,S,S,S,S,S,S,S,S,S,S,S,S,S,S,S,S,S,S,S,S,State.xlsx,,,,,,,,,,,,,,,,,,,,,,,,,,,,,,,Midwest
ND,7.0,"In the last two weeks, did this business use Artificial Intelligence (AI) in producing goods or services? (Examples of AI: machine learning, natural language processing, virtual agents, voice recognition, etc.)",2.0,No,90.9%,80.6%,88.6%,85.6%,90.4%,95.2%,93.5%,90.6%,86.9%,93.8%,85.4%,95.0%,93.0%,95.1%,92.7%,91.9%,89.4%,97.1%,97.2%,95.3%,90.2%,93.4%,91.6%,92.3%,91.2%,87.3%,94.9%,94.5%,95.6%,91.7%,92.2%,90.6%,94.1%,90.8%,92.0%,86.8%,83.6%,89.9%,87.8%,90.7%,96.8%,95.0%,94.7%,91.3%,92.8%,93.4%,State.xlsx,,,,,,,,,,,,,,,,,,,,,,,,,,,,,,,Midwest
ND,7.0,"In the last two weeks, did this business use Artificial Intelligence (AI) in producing goods or services? (Examples of AI: machine learning, natural language processing, virtual agents, voice recognition, etc.)",3.0,Do not know,S,S,S,S,S,S,S,S,S,S,S,S,S,S,S,S,S,S,S,S,S,S,S,S,S,S,S,S,S,S,S,S,S,S,S,S,13.3%,S,S,S,S,S,S,S,S,S,State.xlsx,,,,,,,,,,,,,,,,,,,,,,,,,,,,,,,Midwest
ND,26.0,"During the next six months, do you think this business will be using Artificial Intelligence (AI) in producing goods or services? (Examples of AI: machine learning, natural language processing, virtual agents, voice recognition, etc.)",1.0,Yes,S,S,S,S,S,S,S,S,S,S,S,S,S,S,S,S,S,S,S,S,S,S,S,S,S,S,S,S,S,S,S,S,S,S,S,S,S,S,S,S,S,S,S,S,S,S,State.xlsx,,,,,,,,,,,,,,,,,,,,,,,,,,,,,,,Midwest
ND,26.0,"During the next six months, do you think this business will be using Artificial Intelligence (AI) in producing goods or services? (Examples of AI: machine learning, natural language processing, virtual agents, voice recognition, etc.)",2.0,No,72.6%,67.6%,70.4%,72.8%,79.2%,79.3%,75.0%,73.0%,67.2%,81.3%,74.1%,81.2%,77.4%,79.2%,80.1%,87.6%,79.8%,86.2%,83.9%,70.8%,72.5%,83.0%,77.9%,70.9%,81.1%,70.2%,80.8%,92.3%,73.1%,79.5%,81.9%,77.3%,82.9%,79.9%,82.1%,76.6%,78.3%,76.7%,77.3%,81.9%,81.8%,80.6%,81.4%,83.5%,80.4%,80.9%,State.xlsx,,,,,,,,,,,,,,,,,,,,,,,,,,,,,,,Midwest
ND,26.0,"During the next six months, do you think this business will be using Artificial Intelligence (AI) in producing goods or services? (Examples of AI: machine learning, natural language processing, virtual agents, voice recognition, etc.)",3.0,Do not know,23.2%,24.4%,24.1%,22.4%,13.7%,18.2%,22.2%,23.6%,23.5%,11.9%,18.9%,13.2%,17.0%,16.7%,S,S,14.4%,10.8%,14.6%,21.9%,20.8%,13.5%,19.3%,23.3%,16.1%,23.8%,16.9%,S,23.6%,16.3%,13.6%,19.4%,13.6%,14.4%,15.5%,18.7%,16.4%,20.2%,S,12.7%,17.3%,15.8%,14.3%,12.9%,15.8%,17.8%,State.xlsx,,,,,,,,,,,,,,,,,,,,,,,,,,,,,,,Midwest
NE,7.0,"In the last two weeks, did this business use Artificial Intelligence (AI) in producing goods or services? (Examples of AI: machine learning, natural language processing, virtual agents, voice recognition, etc.)",1.0,Yes,8.5%,7.5%,7.3%,7.8%,11.2%,8.1%,5.3%,6.9%,5.6%,4.3%,5.5%,5.6%,5.1%,6.5%,S,S,5.4%,4.9%,4.1%,6.5%,5.0%,S,S,S,S,S,S,S,S,S,S,S,S,S,7.1%,S,S,S,S,S,5.7%,S,S,S,S,S,State.xlsx,,,,,,,,,,,,,,,,,,,,,,,,,,,,,,,Midwest
NE,7.0,"In the last two weeks, did this business use Artificial Intelligence (AI) in producing goods or services? (Examples of AI: machine learning, natural language processing, virtual agents, voice recognition, etc.)",2.0,No,85.8%,85.4%,88.6%,84.4%,86.4%,87.3%,90.0%,86.1%,88.6%,88.4%,90.0%,91.4%,89.2%,84.5%,93.8%,93.8%,90.8%,89.9%,88.5%,87.2%,89.1%,94.2%,92.2%,91.2%,91.2%,91.6%,89.6%,90.9%,89.2%,90.5%,86.2%,89.2%,92.8%,90.8%,86.0%,86.8%,89.6%,89.9%,88.9%,86.8%,83.4%,90.8%,89.0%,92.5%,92.8%,91.5%,State.xlsx,,,,,,,,,,,,,,,,,,,,,,,,,,,,,,,Midwest
NE,7.0,"In the last two weeks, did this business use Artificial Intelligence (AI) in producing goods or services? (Examples of AI: machine learning, natural language processing, virtual agents, voice recognition, etc.)",3.0,Do not know,5.8%,7.1%,S,7.8%,S,4.6%,S,7.0%,5.9%,7.3%,S,S,5.7%,9.0%,S,S,S,5.2%,7.4%,6.3%,5.9%,S,5.6%,5.0%,6.8%,6.9%,9.1%,7.5%,6.3%,5.7%,11.8%,7.8%,4.6%,6.4%,6.9%,10.3%,7.2%,7.6%,8.3%,9.8%,11.0%,7.0%,8.4%,5.4%,4.6%,5.0%,State.xlsx,,,,,,,,,,,,,,,,,,,,,,,,,,,,,,,Midwest
NE,26.0,"During the next six months, do you think this business will be using Artificial Intelligence (AI) in producing goods or services? (Examples of AI: machine learning, natural language processing, virtual agents, voice recognition, etc.)",1.0,Yes,9.8%,9.0%,11.3%,11.7%,10.7%,10.0%,8.4%,12.9%,10.9%,6.3%,9.9%,6.6%,7.2%,7.9%,6.1%,7.0%,6.4%,7.9%,7.0%,9.4%,9.0%,5.1%,4.0%,6.4%,S,S,S,S,6.7%,5.8%,S,4.7%,5.8%,5.2%,7.0%,6.5%,7.0%,5.3%,S,4.1%,9.2%,3.5%,6.1%,4.6%,4.9%,4.0%,State.xlsx,,,,,,,,,,,,,,,,,,,,,,,,,,,,,,,Midwest
NE,26.0,"During the next six months, do you think this business will be using Artificial Intelligence (AI) in producing goods or services? (Examples of AI: machine learning, natural language processing, virtual agents, voice recognition, etc.)",2.0,No,72.9%,64.6%,68.4%,64.2%,63.2%,68.8%,72.0%,62.7%,66.9%,73.8%,67.1%,78.0%,79.2%,63.0%,72.6%,74.8%,69.2%,71.6%,72.7%,68.6%,72.5%,77.4%,76.8%,76.1%,75.1%,80.2%,78.9%,73.9%,72.8%,75.0%,72.3%,77.5%,77.8%,72.8%,78.2%,73.4%,73.8%,74.3%,82.9%,75.2%,74.1%,80.2%,76.1%,78.9%,81.7%,79.3%,State.xlsx,,,,,,,,,,,,,,,,,,,,,,,,,,,,,,,Midwest
NE,26.0,"During the next six months, do you think this business will be using Artificial Intelligence (AI) in producing goods or services? (Examples of AI: machine learning, natural language processing, virtual agents, voice recognition, etc.)",3.0,Do not know,17.3%,26.5%,20.4%,24.0%,26.1%,21.2%,19.6%,24.4%,22.1%,19.8%,22.9%,15.4%,13.6%,29.1%,21.3%,18.2%,24.4%,20.6%,20.3%,22.0%,18.6%,17.5%,19.2%,17.5%,20.9%,15.8%,19.2%,23.5%,20.5%,19.2%,26.0%,17.8%,16.4%,22.0%,14.9%,20.1%,19.2%,20.4%,11.8%,20.7%,16.7%,16.4%,17.8%,16.5%,13.5%,16.7%,State.xlsx,,,,,,,,,,,,,,,,,,,,,,,,,,,,,,,Midwest
NH,7.0,"In the last two weeks, did this business use Artificial Intelligence (AI) in producing goods or services? (Examples of AI: machine learning, natural language processing, virtual agents, voice recognition, etc.)",1.0,Yes,9.6%,S,S,S,S,12.1%,S,S,S,S,S,S,S,S,S,S,S,S,S,5.4%,S,S,6.7%,S,S,S,S,S,6.4%,S,S,S,S,S,6.4%,S,S,S,S,S,6.3%,S,S,S,S,S,State.xlsx,,,,,,,,,,,,,,,,,,,,,,,,,,,,,,,Northeast
NH,7.0,"In the last two weeks, did this business use Artificial Intelligence (AI) in producing goods or services? (Examples of AI: machine learning, natural language processing, virtual agents, voice recognition, etc.)",2.0,No,83.4%,82.2%,88.9%,93.3%,90.5%,79.5%,91.4%,89.0%,92.6%,90.7%,93.9%,87.2%,94.0%,88.3%,89.0%,91.8%,92.7%,93.0%,91.1%,90.4%,91.3%,95.2%,89.3%,90.3%,90.2%,91.8%,85.2%,90.2%,88.3%,93.2%,91.0%,91.3%,93.7%,87.6%,89.4%,87.1%,90.6%,92.9%,84.4%,91.1%,87.3%,90.4%,94.8%,94.7%,91.5%,95.1%,State.xlsx,,,,,,,,,,,,,,,,,,,,,,,,,,,,,,,Northeast
NH,7.0,"In the last two weeks, did this business use Artificial Intelligence (AI) in producing goods or services? (Examples of AI: machine learning, natural language processing, virtual agents, voice recognition, etc.)",3.0,Do not know,S,12.6%,S,4.4%,S,8.3%,6.7%,6.9%,S,S,S,S,S,7.6%,S,S,S,S,5.7%,S,S,S,S,S,S,S,9.1%,S,S,S,S,S,S,8.1%,S,8.6%,7.4%,5.7%,12.1%,S,S,7.5%,S,S,S,S,State.xlsx,,,,,,,,,,,,,,,,,,,,,,,,,,,,,,,Northeast
NH,26.0,"During the next six months, do you think this business will be using Artificial Intelligence (AI) in producing goods or services? (Examples of AI: machine learning, natural language processing, virtual agents, voice recognition, etc.)",1.0,Yes,9.8%,7.9%,8.6%,S,S,17.1%,S,5.1%,S,8.0%,5.7%,9.7%,S,5.4%,9.8%,S,S,7.2%,6.5%,9.0%,6.3%,S,6.3%,7.0%,S,S,S,6.3%,7.1%,S,S,S,S,8.9%,S,S,S,S,S,S,7.7%,S,S,S,6.8%,S,State.xlsx,,,,,,,,,,,,,,,,,,,,,,,,,,,,,,,Northeast
NH,26.0,"During the next six months, do you think this business will be using Artificial Intelligence (AI) in producing goods or services? (Examples of AI: machine learning, natural language processing, virtual agents, voice recognition, etc.)",2.0,No,65.2%,69.6%,73.9%,83.3%,82.2%,59.4%,70.0%,70.1%,75.2%,78.2%,82.1%,62.1%,73.9%,72.0%,73.6%,83.5%,80.5%,68.7%,76.3%,72.2%,75.5%,80.4%,73.5%,80.6%,78.3%,76.4%,69.6%,75.7%,76.7%,78.3%,79.8%,71.2%,75.7%,75.1%,75.3%,74.1%,81.7%,76.2%,72.6%,77.7%,75.0%,80.6%,86.2%,78.8%,82.0%,82.3%,State.xlsx,,,,,,,,,,,,,,,,,,,,,,,,,,,,,,,Northeast
NH,26.0,"During the next six months, do you think this business will be using Artificial Intelligence (AI) in producing goods or services? (Examples of AI: machine learning, natural language processing, virtual agents, voice recognition, etc.)",3.0,Do not know,24.9%,22.4%,17.5%,13.5%,14.0%,23.5%,26.9%,24.8%,18.5%,13.7%,12.2%,28.2%,21.8%,22.6%,16.6%,11.8%,15.5%,24.1%,17.2%,18.8%,18.2%,14.9%,20.1%,12.5%,16.9%,17.7%,22.4%,18.0%,16.2%,17.0%,15.9%,23.5%,17.7%,16.0%,18.8%,20.3%,14.9%,20.6%,20.5%,17.9%,17.3%,14.9%,11.0%,16.6%,11.2%,13.9%,State.xlsx,,,,,,,,,,,,,,,,,,,,,,,,,,,,,,,Northeast
NJ,7.0,"In the last two weeks, did this business use Artificial Intelligence (AI) in producing goods or services? (Examples of AI: machine learning, natural language processing, virtual agents, voice recognition, etc.)",1.0,Yes,6.1%,8.1%,7.7%,7.6%,6.7%,6.6%,5.8%,6.2%,5.2%,4.9%,5.0%,4.5%,4.6%,5.5%,4.3%,5.7%,4.8%,4.1%,5.9%,3.7%,4.8%,4.1%,3.8%,3.2%,3.4%,3.6%,2.7%,3.1%,3.9%,3.2%,3.8%,3.8%,2.9%,3.0%,3.5%,3.1%,4.9%,3.1%,3.1%,3.3%,3.0%,3.6%,4.4%,3.1%,2.8%,2.3%,State.xlsx,,,,,,,,,,,,,,,,,,,,,,,,,,,,,,,Northeast
NJ,7.0,"In the last two weeks, did this business use Artificial Intelligence (AI) in producing goods or services? (Examples of AI: machine learning, natural language processing, virtual agents, voice recognition, etc.)",2.0,No,85.2%,82.6%,85.5%,84.0%,83.8%,84.4%,82.8%,85.9%,87.1%,87.6%,85.2%,88.1%,86.3%,87.2%,89.4%,86.1%,86.4%,88.6%,85.2%,89.5%,88.6%,89.6%,86.9%,86.4%,85.8%,83.6%,85.7%,87.0%,87.7%,85.7%,86.2%,87.4%,87.8%,86.7%,85.1%,83.7%,82.5%,83.3%,82.9%,80.8%,88.0%,89.1%,86.6%,88.6%,87.7%,89.1%,State.xlsx,,,,,,,,,,,,,,,,,,,,,,,,,,,,,,,Northeast
NJ,7.0,"In the last two weeks, did this business use Artificial Intelligence (AI) in producing goods or services? (Examples of AI: machine learning, natural language processing, virtual agents, voice recognition, etc.)",3.0,Do not know,8.6%,9.3%,6.8%,8.4%,9.5%,8.9%,11.4%,7.9%,7.8%,7.4%,9.8%,7.3%,9.1%,7.3%,6.3%,8.2%,8.8%,7.3%,8.9%,6.7%,6.6%,6.3%,9.3%,10.4%,10.8%,12.8%,11.5%,9.8%,8.4%,11.2%,10.0%,8.8%,9.4%,10.3%,11.4%,13.3%,12.6%,13.6%,14.0%,15.9%,9.0%,7.4%,9.0%,8.4%,9.5%,8.6%,State.xlsx,,,,,,,,,,,,,,,,,,,,,,,,,,,,,,,Northeast
NJ,26.0,"During the next six months, do you think this business will be using Artificial Intelligence (AI) in producing goods or services? (Examples of AI: machine learning, natural language processing, virtual agents, voice recognition, etc.)",1.0,Yes,7.7%,9.1%,10.5%,9.1%,10.6%,9.4%,7.4%,7.9%,7.0%,8.2%,7.9%,7.4%,6.9%,7.2%,6.1%,7.2%,7.8%,7.0%,8.3%,6.2%,7.0%,7.5%,6.6%,5.4%,5.5%,5.7%,4.0%,4.0%,5.4%,5.9%,5.8%,4.9%,5.2%,4.6%,6.2%,4.5%,5.7%,4.3%,4.5%,5.6%,5.2%,6.0%,6.8%,4.6%,3.7%,4.4%,State.xlsx,,,,,,,,,,,,,,,,,,,,,,,,,,,,,,,Northeast
NJ,26.0,"During the next six months, do you think this business will be using Artificial Intelligence (AI) in producing goods or services? (Examples of AI: machine learning, natural language processing, virtual agents, voice recognition, etc.)",2.0,No,66.8%,64.1%,65.8%,63.6%,63.4%,64.6%,65.9%,65.9%,67.1%,67.1%,63.9%,67.9%,68.1%,69.0%,69.0%,67.5%,66.8%,67.7%,66.9%,70.1%,67.7%,71.1%,70.5%,68.9%,71.2%,66.0%,72.6%,72.4%,71.6%,71.1%,67.1%,69.9%,71.8%,71.0%,68.2%,70.9%,69.0%,69.0%,70.4%,67.9%,71.7%,71.1%,71.3%,73.1%,72.1%,71.6%,State.xlsx,,,,,,,,,,,,,,,,,,,,,,,,,,,,,,,Northeast
NJ,26.0,"During the next six months, do you think this business will be using Artificial Intelligence (AI) in producing goods or services? (Examples of AI: machine learning, natural language processing, virtual agents, voice recognition, etc.)",3.0,Do not know,25.5%,26.8%,23.6%,27.3%,26.0%,26.1%,26.7%,26.2%,26.0%,24.8%,28.2%,24.7%,25.1%,23.8%,24.9%,25.3%,25.3%,25.3%,24.9%,23.7%,25.3%,21.5%,22.9%,25.8%,23.4%,28.3%,23.4%,23.6%,23.0%,23.0%,27.1%,25.2%,23.0%,24.4%,25.6%,24.5%,25.3%,26.6%,25.0%,26.4%,23.1%,22.9%,21.9%,22.3%,24.1%,24.0%,State.xlsx,,,,,,,,,,,,,,,,,,,,,,,,,,,,,,,Northeast
NM,7.0,"In the last two weeks, did this business use Artificial Intelligence (AI) in producing goods or services? (Examples of AI: machine learning, natural language processing, virtual agents, voice recognition, etc.)",1.0,Yes,5.7%,7.4%,7.0%,S,S,9.3%,8.6%,S,S,7.4%,S,5.5%,S,S,S,6.8%,4.5%,S,S,6.7%,5.9%,S,9.4%,S,S,S,S,6.4%,S,S,S,S,S,S,S,S,6.1%,S,S,S,S,S,S,S,S,S,State.xlsx,,,,,,,,,,,,,,,,,,,,,,,,,,,,,,,Southwest
NM,7.0,"In the last two weeks, did this business use Artificial Intelligence (AI) in producing goods or services? (Examples of AI: machine learning, natural language processing, virtual agents, voice recognition, etc.)",2.0,No,84.9%,89.5%,88.3%,89.3%,94.7%,85.7%,84.0%,90.0%,92.3%,88.3%,90.5%,90.9%,88.5%,91.3%,89.9%,89.2%,93.4%,92.5%,91.9%,90.5%,91.5%,89.4%,81.4%,85.6%,90.1%,88.5%,88.1%,88.4%,88.0%,85.1%,91.6%,93.8%,90.4%,89.7%,84.6%,89.3%,84.5%,90.7%,87.3%,82.9%,91.9%,90.5%,94.1%,91.0%,91.3%,95.8%,State.xlsx,,,,,,,,,,,,,,,,,,,,,,,,,,,,,,,Southwest
NM,7.0,"In the last two weeks, did this business use Artificial Intelligence (AI) in producing goods or services? (Examples of AI: machine learning, natural language processing, virtual agents, voice recognition, etc.)",3.0,Do not know,9.3%,S,S,S,S,S,7.4%,S,S,S,5.8%,S,S,S,S,S,S,S,5.4%,S,S,5.5%,9.2%,9.6%,S,S,S,5.2%,7.1%,8.8%,S,4.6%,6.9%,6.3%,10.8%,S,9.4%,7.0%,9.3%,12.8%,6.1%,5.5%,S,8.4%,S,S,State.xlsx,,,,,,,,,,,,,,,,,,,,,,,,,,,,,,,Southwest
NM,26.0,"During the next six months, do you think this business will be using Artificial Intelligence (AI) in producing goods or services? (Examples of AI: machine learning, natural language processing, virtual agents, voice recognition, etc.)",1.0,Yes,7.3%,8.4%,6.3%,9.4%,S,12.3%,12.0%,9.5%,S,8.6%,6.4%,6.6%,S,6.2%,5.5%,7.9%,5.1%,5.0%,5.3%,7.5%,7.8%,7.4%,11.0%,8.8%,7.4%,S,S,8.7%,S,7.7%,6.6%,S,S,6.4%,5.6%,9.7%,6.9%,S,S,9.1%,5.1%,5.4%,6.2%,S,5.7%,4.7%,State.xlsx,,,,,,,,,,,,,,,,,,,,,,,,,,,,,,,Southwest
NM,26.0,"During the next six months, do you think this business will be using Artificial Intelligence (AI) in producing goods or services? (Examples of AI: machine learning, natural language processing, virtual agents, voice recognition, etc.)",2.0,No,66.2%,77.0%,72.4%,72.1%,79.1%,71.4%,64.9%,72.6%,76.8%,74.5%,76.9%,74.0%,70.0%,71.6%,75.3%,71.9%,76.4%,80.0%,75.5%,75.1%,73.9%,71.3%,66.7%,74.5%,75.7%,73.1%,75.4%,73.4%,80.2%,76.4%,79.6%,75.5%,77.8%,72.9%,76.8%,77.5%,66.7%,78.4%,78.5%,73.4%,80.9%,80.8%,77.3%,79.6%,76.4%,74.7%,State.xlsx,,,,,,,,,,,,,,,,,,,,,,,,,,,,,,,Southwest
NM,26.0,"During the next six months, do you think this business will be using Artificial Intelligence (AI) in producing goods or services? (Examples of AI: machine learning, natural language processing, virtual agents, voice recognition, etc.)",3.0,Do not know,26.5%,14.6%,21.3%,18.5%,15.5%,16.3%,23.1%,17.9%,18.5%,16.9%,16.7%,19.4%,24.1%,22.2%,19.3%,20.2%,18.4%,15.0%,19.2%,17.4%,18.4%,21.3%,22.3%,16.7%,17.0%,19.6%,19.7%,18.0%,13.2%,16.0%,13.8%,21.6%,17.3%,20.7%,17.6%,12.8%,26.5%,17.4%,16.8%,17.5%,14.0%,13.7%,16.4%,16.7%,17.9%,20.6%,State.xlsx,,,,,,,,,,,,,,,,,,,,,,,,,,,,,,,Southwest
NV,7.0,"In the last two weeks, did this business use Artificial Intelligence (AI) in producing goods or services? (Examples of AI: machine learning, natural language processing, virtual agents, voice recognition, etc.)",1.0,Yes,11.9%,11.3%,8.3%,9.0%,10.7%,8.2%,9.3%,5.9%,6.4%,9.2%,8.7%,S,7.5%,6.2%,5.8%,7.7%,7.9%,4.1%,7.1%,4.9%,6.4%,4.7%,6.0%,7.9%,5.2%,6.2%,4.2%,5.3%,4.8%,5.2%,3.8%,6.5%,5.9%,5.3%,10.7%,6.5%,6.9%,6.1%,4.8%,4.3%,4.8%,3.3%,4.4%,6.3%,S,5.0%,State.xlsx,,,,,,,,,,,,,,,,,,,,,,,,,,,,,,,West
NV,7.0,"In the last two weeks, did this business use Artificial Intelligence (AI) in producing goods or services? (Examples of AI: machine learning, natural language processing, virtual agents, voice recognition, etc.)",2.0,No,78.0%,78.6%,85.1%,84.1%,79.5%,83.9%,82.7%,86.8%,86.6%,82.7%,83.1%,90.7%,83.8%,85.5%,86.5%,86.3%,86.5%,91.1%,86.5%,87.8%,90.6%,88.2%,86.5%,83.7%,84.4%,84.7%,87.6%,88.9%,88.3%,88.6%,86.6%,85.9%,88.4%,91.8%,79.3%,82.2%,79.6%,84.0%,82.3%,85.2%,86.7%,90.5%,89.5%,85.7%,91.4%,88.1%,State.xlsx,,,,,,,,,,,,,,,,,,,,,,,,,,,,,,,West
NV,7.0,"In the last two weeks, did this business use Artificial Intelligence (AI) in producing goods or services? (Examples of AI: machine learning, natural language processing, virtual agents, voice recognition, etc.)",3.0,Do not know,10.1%,10.0%,6.6%,6.9%,9.9%,7.9%,8.0%,7.4%,7.0%,8.2%,8.2%,6.2%,8.7%,8.3%,7.7%,6.0%,5.6%,4.7%,6.4%,7.4%,S,7.1%,7.5%,8.4%,10.4%,9.1%,8.3%,5.8%,7.0%,6.3%,9.6%,7.5%,5.7%,2.9%,10.1%,11.3%,13.6%,10.0%,12.8%,10.6%,8.5%,6.2%,6.1%,8.0%,6.6%,6.9%,State.xlsx,,,,,,,,,,,,,,,,,,,,,,,,,,,,,,,West
NV,26.0,"During the next six months, do you think this business will be using Artificial Intelligence (AI) in producing goods or services? (Examples of AI: machine learning, natural language processing, virtual agents, voice recognition, etc.)",1.0,Yes,14.3%,16.0%,9.2%,11.5%,11.5%,12.6%,12.8%,8.7%,9.9%,13.5%,10.7%,8.7%,10.6%,8.4%,9.6%,12.0%,12.5%,6.6%,10.1%,8.4%,8.5%,9.1%,8.6%,9.7%,8.1%,9.6%,6.8%,6.0%,8.0%,7.1%,6.7%,8.0%,6.0%,7.2%,9.6%,7.9%,7.4%,9.1%,8.0%,8.0%,9.6%,6.3%,7.3%,9.2%,9.9%,9.8%,State.xlsx,,,,,,,,,,,,,,,,,,,,,,,,,,,,,,,West
NV,26.0,"During the next six months, do you think this business will be using Artificial Intelligence (AI) in producing goods or services? (Examples of AI: machine learning, natural language processing, virtual agents, voice recognition, etc.)",2.0,No,60.6%,59.2%,66.5%,67.3%,56.1%,60.4%,62.5%,64.5%,66.7%,59.9%,60.4%,73.3%,63.7%,68.6%,67.1%,66.6%,66.4%,71.4%,69.2%,72.5%,73.2%,69.0%,69.3%,65.6%,66.7%,70.0%,70.0%,74.0%,70.9%,73.3%,70.7%,69.8%,70.9%,76.5%,68.2%,64.5%,66.6%,66.0%,68.8%,69.5%,70.4%,73.6%,73.2%,69.5%,71.8%,73.6%,State.xlsx,,,,,,,,,,,,,,,,,,,,,,,,,,,,,,,West
NV,26.0,"During the next six months, do you think this business will be using Artificial Intelligence (AI) in producing goods or services? (Examples of AI: machine learning, natural language processing, virtual agents, voice recognition, etc.)",3.0,Do not know,25.1%,24.8%,24.3%,21.1%,32.3%,27.0%,24.7%,26.8%,23.4%,26.6%,28.9%,18.0%,25.7%,23.0%,23.2%,21.4%,21.2%,22.0%,20.6%,19.0%,18.3%,21.9%,22.1%,24.7%,25.2%,20.4%,23.2%,19.9%,21.1%,19.6%,22.7%,22.2%,23.1%,16.4%,22.2%,27.6%,25.9%,24.9%,23.1%,22.5%,20.0%,20.2%,19.5%,21.2%,18.3%,16.6%,State.xlsx,,,,,,,,,,,,,,,,,,,,,,,,,,,,,,,West
NY,7.0,"In the last two weeks, did this business use Artificial Intelligence (AI) in producing goods or services? (Examples of AI: machine learning, natural language processing, virtual agents, voice recognition, etc.)",1.0,Yes,8.1%,7.1%,7.3%,8.0%,6.2%,6.1%,7.6%,5.5%,5.4%,6.4%,6.2%,4.7%,5.7%,5.4%,4.3%,5.4%,5.2%,4.4%,5.3%,5.7%,4.6%,4.3%,4.4%,5.4%,4.3%,3.0%,3.7%,3.0%,5.1%,4.5%,3.8%,3.8%,3.2%,3.9%,5.3%,4.5%,3.9%,3.7%,3.8%,3.5%,4.1%,4.1%,3.5%,3.2%,3.2%,3.2%,State.xlsx,,,,,,,,,,,,,,,,,,,,,,,,,,,,,,,Northeast
NY,7.0,"In the last two weeks, did this business use Artificial Intelligence (AI) in producing goods or services? (Examples of AI: machine learning, natural language processing, virtual agents, voice recognition, etc.)",2.0,No,82.4%,83.9%,83.3%,81.9%,83.9%,85.0%,83.8%,85.7%,86.0%,84.2%,85.5%,87.6%,85.3%,86.8%,87.2%,85.2%,87.3%,88.3%,88.0%,87.5%,87.7%,87.2%,83.3%,84.3%,86.2%,85.7%,84.2%,85.8%,85.0%,86.2%,86.5%,86.7%,84.7%,84.6%,79.0%,79.3%,82.8%,82.3%,81.1%,84.1%,84.8%,86.6%,86.7%,87.5%,87.4%,86.6%,State.xlsx,,,,,,,,,,,,,,,,,,,,,,,,,,,,,,,Northeast
NY,7.0,"In the last two weeks, did this business use Artificial Intelligence (AI) in producing goods or services? (Examples of AI: machine learning, natural language processing, virtual agents, voice recognition, etc.)",3.0,Do not know,9.5%,9.1%,9.4%,10.1%,9.9%,8.9%,8.5%,8.8%,8.5%,9.4%,8.4%,7.6%,9.0%,7.9%,8.5%,9.4%,7.5%,7.3%,6.7%,6.8%,7.6%,8.6%,12.3%,10.3%,9.5%,11.3%,12.1%,11.2%,9.9%,9.2%,9.7%,9.6%,12.2%,11.4%,15.7%,16.2%,13.3%,14.0%,15.0%,12.3%,11.1%,9.3%,9.8%,9.3%,9.4%,10.3%,State.xlsx,,,,,,,,,,,,,,,,,,,,,,,,,,,,,,,Northeast
NY,26.0,"During the next six months, do you think this business will be using Artificial Intelligence (AI) in producing goods or services? (Examples of AI: machine learning, natural language processing, virtual agents, voice recognition, etc.)",1.0,Yes,9.7%,9.0%,7.8%,9.7%,8.8%,7.8%,9.9%,8.4%,7.7%,9.3%,7.9%,7.2%,8.4%,7.6%,6.4%,7.2%,7.7%,6.7%,7.2%,7.6%,6.7%,7.6%,5.5%,6.6%,5.5%,4.4%,5.5%,4.3%,7.1%,6.2%,5.8%,5.9%,6.7%,5.5%,6.9%,6.1%,5.1%,4.4%,5.5%,4.6%,6.4%,6.1%,5.7%,5.0%,5.3%,5.1%,State.xlsx,,,,,,,,,,,,,,,,,,,,,,,,,,,,,,,Northeast
NY,26.0,"During the next six months, do you think this business will be using Artificial Intelligence (AI) in producing goods or services? (Examples of AI: machine learning, natural language processing, virtual agents, voice recognition, etc.)",2.0,No,63.7%,65.5%,67.5%,64.4%,66.4%,65.9%,66.1%,67.7%,67.3%,66.4%,66.2%,68.7%,66.9%,66.5%,70.6%,68.2%,68.8%,69.1%,70.0%,68.8%,70.1%,68.4%,68.9%,68.5%,70.8%,69.7%,69.5%,71.7%,69.4%,69.9%,70.8%,71.1%,69.8%,69.7%,66.7%,66.3%,70.6%,70.4%,68.0%,70.1%,70.4%,71.6%,70.0%,72.1%,70.4%,73.2%,State.xlsx,,,,,,,,,,,,,,,,,,,,,,,,,,,,,,,Northeast
NY,26.0,"During the next six months, do you think this business will be using Artificial Intelligence (AI) in producing goods or services? (Examples of AI: machine learning, natural language processing, virtual agents, voice recognition, etc.)",3.0,Do not know,26.6%,25.5%,24.8%,25.9%,24.8%,26.3%,24.0%,24.0%,25.1%,24.3%,25.8%,24.1%,24.7%,25.8%,23.0%,24.7%,23.4%,24.1%,22.8%,23.6%,23.1%,24.0%,25.6%,24.9%,23.8%,25.9%,25.0%,24.0%,23.4%,23.8%,23.5%,23.0%,23.5%,24.8%,26.4%,27.6%,24.3%,25.2%,26.5%,25.3%,23.3%,22.3%,24.3%,22.9%,24.3%,21.7%,State.xlsx,,,,,,,,,,,,,,,,,,,,,,,,,,,,,,,Northeast
OH,7.0,"In the last two weeks, did this business use Artificial Intelligence (AI) in producing goods or services? (Examples of AI: machine learning, natural language processing, virtual agents, voice recognition, etc.)",1.0,Yes,9.6%,9.1%,8.4%,11.2%,7.3%,6.7%,6.1%,6.5%,5.7%,7.4%,5.4%,4.5%,5.2%,6.8%,5.3%,5.9%,4.4%,4.7%,5.6%,6.1%,5.6%,4.8%,3.5%,6.5%,5.7%,3.5%,5.5%,3.1%,3.1%,3.9%,5.0%,3.4%,3.9%,2.9%,4.9%,4.9%,5.4%,3.7%,3.9%,3.0%,3.7%,4.9%,4.3%,3.0%,3.6%,2.5%,State.xlsx,,,,,,,,,,,,,,,,,,,,,,,,,,,,,,,Midwest
OH,7.0,"In the last two weeks, did this business use Artificial Intelligence (AI) in producing goods or services? (Examples of AI: machine learning, natural language processing, virtual agents, voice recognition, etc.)",2.0,No,85.5%,85.1%,85.6%,82.8%,87.3%,86.4%,89.4%,89.0%,88.6%,86.9%,89.7%,90.6%,91.4%,87.9%,90.3%,89.5%,91.2%,88.4%,90.3%,90.0%,90.5%,90.7%,89.8%,87.1%,87.5%,89.7%,87.2%,90.5%,90.8%,90.7%,88.6%,89.6%,90.6%,91.9%,87.7%,87.0%,86.9%,88.4%,85.3%,88.2%,90.5%,88.5%,90.5%,90.9%,89.8%,92.2%,State.xlsx,,,,,,,,,,,,,,,,,,,,,,,,,,,,,,,Midwest
OH,7.0,"In the last two weeks, did this business use Artificial Intelligence (AI) in producing goods or services? (Examples of AI: machine learning, natural language processing, virtual agents, voice recognition, etc.)",3.0,Do not know,4.9%,5.8%,6.1%,5.9%,5.4%,6.9%,4.5%,4.6%,5.8%,5.7%,4.9%,4.9%,3.5%,5.3%,4.4%,4.7%,4.4%,6.9%,4.1%,3.9%,3.9%,4.5%,6.7%,6.4%,6.8%,6.8%,7.3%,6.3%,6.2%,5.5%,6.4%,7.0%,5.5%,5.2%,7.4%,8.1%,7.7%,7.9%,10.7%,8.8%,5.8%,6.6%,5.2%,6.0%,6.6%,5.3%,State.xlsx,,,,,,,,,,,,,,,,,,,,,,,,,,,,,,,Midwest
OH,26.0,"During the next six months, do you think this business will be using Artificial Intelligence (AI) in producing goods or services? (Examples of AI: machine learning, natural language processing, virtual agents, voice recognition, etc.)",1.0,Yes,11.3%,10.4%,10.4%,12.9%,9.3%,8.5%,9.1%,9.3%,8.6%,10.3%,8.4%,7.4%,7.6%,8.0%,6.7%,9.9%,7.0%,7.9%,8.5%,8.0%,8.5%,6.8%,5.6%,9.2%,7.2%,5.5%,5.4%,5.1%,4.5%,7.0%,6.4%,4.9%,5.8%,4.4%,5.7%,6.5%,6.0%,5.5%,5.4%,4.3%,6.9%,6.3%,7.3%,5.1%,6.4%,4.6%,State.xlsx,,,,,,,,,,,,,,,,,,,,,,,,,,,,,,,Midwest
OH,26.0,"During the next six months, do you think this business will be using Artificial Intelligence (AI) in producing goods or services? (Examples of AI: machine learning, natural language processing, virtual agents, voice recognition, etc.)",2.0,No,66.4%,64.6%,68.6%,65.9%,68.0%,68.6%,69.5%,70.3%,71.2%,65.9%,68.6%,71.8%,69.7%,70.8%,72.9%,72.2%,71.8%,72.4%,69.1%,73.9%,73.9%,72.8%,75.6%,75.5%,75.1%,73.0%,76.2%,77.5%,77.8%,73.1%,75.6%,74.6%,75.9%,77.4%,75.5%,75.7%,75.2%,73.2%,72.7%,77.8%,75.6%,76.0%,77.3%,77.6%,75.9%,77.6%,State.xlsx,,,,,,,,,,,,,,,,,,,,,,,,,,,,,,,Midwest
OH,26.0,"During the next six months, do you think this business will be using Artificial Intelligence (AI) in producing goods or services? (Examples of AI: machine learning, natural language processing, virtual agents, voice recognition, etc.)",3.0,Do not know,22.3%,25.0%,21.0%,21.2%,22.7%,22.9%,21.4%,20.3%,20.2%,23.8%,23.0%,20.8%,22.7%,21.2%,20.4%,17.9%,21.1%,19.8%,22.4%,18.1%,17.6%,20.4%,18.9%,15.3%,17.7%,21.5%,18.4%,17.5%,17.7%,19.9%,18.1%,20.5%,18.3%,18.2%,18.8%,17.8%,18.8%,21.2%,21.8%,17.9%,17.4%,17.6%,15.4%,17.3%,17.7%,17.8%,State.xlsx,,,,,,,,,,,,,,,,,,,,,,,,,,,,,,,Midwest
OK,7.0,"In the last two weeks, did this business use Artificial Intelligence (AI) in producing goods or services? (Examples of AI: machine learning, natural language processing, virtual agents, voice recognition, etc.)",1.0,Yes,6.1%,6.4%,8.1%,9.2%,8.7%,4.8%,5.4%,6.0%,7.3%,4.1%,5.0%,S,4.4%,5.1%,5.5%,7.4%,4.6%,4.9%,S,4.6%,5.9%,5.6%,S,S,S,3.7%,4.9%,S,S,S,4.5%,S,3.7%,S,4.5%,S,5.6%,S,4.2%,S,3.9%,3.0%,3.1%,S,S,3.5%,State.xlsx,,,,,,,,,,,,,,,,,,,,,,,,,,,,,,,Southwest
OK,7.0,"In the last two weeks, did this business use Artificial Intelligence (AI) in producing goods or services? (Examples of AI: machine learning, natural language processing, virtual agents, voice recognition, etc.)",2.0,No,87.1%,88.3%,86.2%,82.6%,86.6%,89.7%,86.8%,90.0%,86.2%,87.8%,87.9%,91.8%,92.3%,89.0%,90.1%,87.0%,87.0%,88.1%,94.4%,91.5%,88.6%,91.2%,92.6%,88.8%,89.8%,90.5%,87.9%,92.6%,91.3%,93.4%,87.8%,93.8%,88.8%,93.9%,88.0%,89.6%,87.5%,85.4%,87.7%,88.5%,88.4%,91.2%,90.8%,92.4%,91.3%,90.1%,State.xlsx,,,,,,,,,,,,,,,,,,,,,,,,,,,,,,,Southwest
OK,7.0,"In the last two weeks, did this business use Artificial Intelligence (AI) in producing goods or services? (Examples of AI: machine learning, natural language processing, virtual agents, voice recognition, etc.)",3.0,Do not know,6.8%,5.3%,5.7%,8.2%,4.7%,5.5%,7.8%,4.0%,6.5%,8.1%,7.1%,5.6%,S,6.0%,4.4%,5.6%,8.4%,7.1%,2.7%,4.0%,5.6%,3.2%,4.2%,8.8%,6.8%,5.8%,7.2%,6.0%,5.3%,5.3%,7.7%,5.3%,7.5%,5.2%,7.5%,7.9%,6.8%,13.0%,8.1%,9.3%,7.7%,5.8%,6.1%,5.9%,6.7%,6.4%,State.xlsx,,,,,,,,,,,,,,,,,,,,,,,,,,,,,,,Southwest
OK,26.0,"During the next six months, do you think this business will be using Artificial Intelligence (AI) in producing goods or services? (Examples of AI: machine learning, natural language processing, virtual agents, voice recognition, etc.)",1.0,Yes,8.6%,9.0%,9.2%,9.8%,9.2%,6.0%,6.5%,7.9%,8.2%,5.1%,7.8%,5.1%,7.7%,7.6%,7.8%,10.5%,8.8%,7.1%,3.6%,4.9%,8.2%,6.7%,4.4%,5.5%,5.1%,S,5.8%,S,7.1%,4.1%,4.9%,3.2%,6.3%,S,5.6%,3.6%,6.9%,3.0%,7.8%,3.1%,5.0%,4.1%,5.2%,5.7%,5.5%,4.4%,State.xlsx,,,,,,,,,,,,,,,,,,,,,,,,,,,,,,,Southwest
OK,26.0,"During the next six months, do you think this business will be using Artificial Intelligence (AI) in producing goods or services? (Examples of AI: machine learning, natural language processing, virtual agents, voice recognition, etc.)",2.0,No,69.9%,72.2%,68.5%,67.1%,68.6%,72.3%,70.0%,69.3%,69.4%,70.3%,70.6%,76.4%,70.4%,69.9%,75.6%,72.8%,72.6%,75.3%,80.5%,76.6%,73.7%,74.1%,76.8%,75.9%,79.1%,78.2%,72.7%,79.5%,76.1%,78.4%,74.9%,80.1%,77.7%,81.2%,75.7%,75.0%,76.7%,71.6%,73.7%,79.7%,78.8%,76.9%,78.9%,80.7%,75.5%,80.3%,State.xlsx,,,,,,,,,,,,,,,,,,,,,,,,,,,,,,,Southwest
OK,26.0,"During the next six months, do you think this business will be using Artificial Intelligence (AI) in producing goods or services? (Examples of AI: machine learning, natural language processing, virtual agents, voice recognition, etc.)",3.0,Do not know,21.5%,18.8%,22.3%,23.1%,22.2%,21.7%,23.5%,22.8%,22.4%,24.6%,21.5%,18.5%,21.9%,22.5%,16.6%,16.7%,18.6%,17.6%,16.0%,18.5%,18.2%,19.2%,18.9%,18.6%,15.8%,18.7%,21.5%,17.8%,16.8%,17.6%,20.2%,16.7%,15.9%,16.8%,18.6%,21.4%,16.3%,25.4%,18.5%,17.2%,16.1%,19.1%,16.0%,13.6%,19.0%,15.3%,State.xlsx,,,,,,,,,,,,,,,,,,,,,,,,,,,,,,,Southwest
OR,7.0,"In the last two weeks, did this business use Artificial Intelligence (AI) in producing goods or services? (Examples of AI: machine learning, natural language processing, virtual agents, voice recognition, etc.)",1.0,Yes,8.4%,10.2%,8.6%,9.9%,8.6%,8.6%,7.8%,9.2%,8.3%,7.7%,7.2%,6.9%,7.0%,6.5%,7.5%,6.4%,6.5%,5.9%,9.7%,7.5%,4.8%,6.9%,5.0%,8.2%,4.3%,7.1%,7.2%,5.2%,5.1%,7.5%,5.6%,4.8%,5.0%,5.1%,5.0%,5.5%,6.8%,6.1%,7.1%,4.5%,4.8%,5.6%,4.4%,5.0%,4.7%,4.6%,State.xlsx,,,,,,,,,,,,,,,,,,,,,,,,,,,,,,,West
OR,7.0,"In the last two weeks, did this business use Artificial Intelligence (AI) in producing goods or services? (Examples of AI: machine learning, natural language processing, virtual agents, voice recognition, etc.)",2.0,No,87.3%,84.7%,86.5%,84.7%,85.3%,84.1%,86.0%,86.7%,87.9%,88.5%,88.7%,88.4%,85.6%,89.3%,88.2%,90.4%,90.3%,89.3%,87.1%,87.6%,91.3%,91.0%,86.8%,84.6%,88.3%,86.5%,85.9%,89.9%,91.1%,85.7%,87.6%,90.8%,88.8%,89.6%,84.1%,86.8%,85.0%,86.2%,85.1%,87.8%,90.3%,89.4%,90.4%,89.0%,89.8%,91.2%,State.xlsx,,,,,,,,,,,,,,,,,,,,,,,,,,,,,,,West
OR,7.0,"In the last two weeks, did this business use Artificial Intelligence (AI) in producing goods or services? (Examples of AI: machine learning, natural language processing, virtual agents, voice recognition, etc.)",3.0,Do not know,4.3%,5.1%,4.9%,5.4%,6.1%,7.4%,6.2%,4.1%,3.7%,3.8%,4.1%,4.6%,7.5%,4.1%,4.3%,3.2%,3.2%,4.8%,3.2%,4.9%,3.8%,2.1%,8.3%,7.3%,7.3%,6.4%,6.9%,4.9%,3.8%,6.8%,6.8%,4.4%,6.2%,5.3%,10.9%,7.8%,8.3%,7.7%,7.8%,7.7%,4.9%,5.0%,5.2%,5.9%,5.5%,4.3%,State.xlsx,,,,,,,,,,,,,,,,,,,,,,,,,,,,,,,West
OR,26.0,"During the next six months, do you think this business will be using Artificial Intelligence (AI) in producing goods or services? (Examples of AI: machine learning, natural language processing, virtual agents, voice recognition, etc.)",1.0,Yes,10.3%,12.6%,10.7%,13.1%,10.6%,10.1%,9.7%,10.8%,10.6%,10.2%,9.6%,13.1%,9.3%,8.8%,10.0%,9.4%,9.0%,9.3%,11.7%,11.7%,7.9%,9.8%,7.3%,11.1%,7.4%,9.4%,9.6%,8.6%,7.5%,11.1%,7.3%,6.4%,6.9%,6.4%,7.0%,7.5%,7.4%,7.4%,8.6%,6.9%,8.1%,8.4%,5.8%,7.8%,7.5%,6.5%,State.xlsx,,,,,,,,,,,,,,,,,,,,,,,,,,,,,,,West
OR,26.0,"During the next six months, do you think this business will be using Artificial Intelligence (AI) in producing goods or services? (Examples of AI: machine learning, natural language processing, virtual agents, voice recognition, etc.)",2.0,No,65.8%,70.2%,65.9%,71.4%,68.8%,66.7%,68.6%,71.4%,69.4%,72.3%,72.5%,67.4%,69.6%,75.5%,70.5%,77.8%,72.9%,71.2%,68.1%,71.6%,71.0%,72.6%,67.6%,68.2%,71.5%,70.6%,74.4%,72.6%,72.9%,69.0%,74.5%,76.5%,74.8%,75.8%,72.0%,72.1%,72.6%,71.7%,73.6%,77.5%,73.0%,76.4%,76.7%,74.2%,77.5%,79.6%,State.xlsx,,,,,,,,,,,,,,,,,,,,,,,,,,,,,,,West
OR,26.0,"During the next six months, do you think this business will be using Artificial Intelligence (AI) in producing goods or services? (Examples of AI: machine learning, natural language processing, virtual agents, voice recognition, etc.)",3.0,Do not know,23.9%,17.2%,23.5%,15.6%,20.6%,23.2%,21.7%,17.8%,20.0%,17.5%,17.8%,19.5%,21.1%,15.8%,19.5%,12.8%,18.0%,19.5%,20.2%,16.8%,21.1%,17.6%,25.1%,20.8%,21.1%,20.0%,15.9%,18.7%,19.6%,19.9%,18.2%,17.1%,18.3%,17.8%,21.0%,20.4%,20.0%,20.8%,17.9%,15.6%,18.9%,15.2%,17.6%,18.0%,14.9%,13.9%,State.xlsx,,,,,,,,,,,,,,,,,,,,,,,,,,,,,,,West
PA,7.0,"In the last two weeks, did this business use Artificial Intelligence (AI) in producing goods or services? (Examples of AI: machine learning, natural language processing, virtual agents, voice recognition, etc.)",1.0,Yes,6.9%,6.0%,6.3%,6.5%,8.5%,7.9%,7.0%,7.0%,4.4%,5.9%,5.2%,5.7%,5.8%,5.2%,4.5%,4.9%,6.2%,5.8%,5.0%,4.3%,5.1%,4.1%,4.3%,2.6%,4.1%,3.6%,3.9%,4.2%,3.9%,2.5%,3.5%,3.1%,4.6%,3.6%,4.4%,3.7%,4.8%,3.8%,3.8%,4.3%,4.6%,2.9%,3.2%,2.8%,2.6%,3.0%,State.xlsx,,,,,,,,,,,,,,,,,,,,,,,,,,,,,,,Northeast
PA,7.0,"In the last two weeks, did this business use Artificial Intelligence (AI) in producing goods or services? (Examples of AI: machine learning, natural language processing, virtual agents, voice recognition, etc.)",2.0,No,86.8%,87.4%,86.4%,87.2%,84.3%,85.2%,85.9%,86.5%,88.3%,86.1%,88.5%,87.3%,88.4%,89.6%,90.0%,88.2%,88.1%,87.8%,89.3%,89.3%,89.2%,89.9%,85.4%,89.9%,87.4%,89.1%,88.6%,86.7%,89.4%,90.6%,87.6%,89.5%,89.0%,89.0%,84.7%,83.3%,85.1%,87.1%,87.0%,84.5%,87.1%,89.5%,91.7%,91.8%,89.4%,90.3%,State.xlsx,,,,,,,,,,,,,,,,,,,,,,,,,,,,,,,Northeast
PA,7.0,"In the last two weeks, did this business use Artificial Intelligence (AI) in producing goods or services? (Examples of AI: machine learning, natural language processing, virtual agents, voice recognition, etc.)",3.0,Do not know,6.3%,6.6%,7.3%,6.3%,7.2%,6.9%,7.1%,6.5%,7.3%,8.0%,6.2%,7.1%,5.8%,5.3%,5.4%,6.9%,5.7%,6.4%,5.7%,6.4%,5.7%,6.0%,10.3%,7.5%,8.4%,7.3%,7.5%,9.1%,6.7%,6.9%,8.9%,7.4%,6.4%,7.4%,10.9%,13.0%,10.1%,9.2%,9.2%,11.2%,8.3%,7.6%,5.1%,5.3%,8.0%,6.7%,State.xlsx,,,,,,,,,,,,,,,,,,,,,,,,,,,,,,,Northeast
PA,26.0,"During the next six months, do you think this business will be using Artificial Intelligence (AI) in producing goods or services? (Examples of AI: machine learning, natural language processing, virtual agents, voice recognition, etc.)",1.0,Yes,8.7%,7.0%,7.7%,8.8%,9.7%,9.9%,8.7%,8.7%,6.0%,8.3%,8.0%,9.6%,8.7%,6.4%,7.4%,6.3%,10.1%,9.5%,7.6%,6.4%,6.8%,5.4%,5.4%,4.0%,6.5%,6.2%,6.1%,6.7%,5.7%,4.3%,5.3%,5.0%,6.1%,5.5%,5.3%,2.9%,5.6%,5.2%,4.6%,6.5%,6.0%,4.1%,4.7%,5.5%,4.6%,6.3%,State.xlsx,,,,,,,,,,,,,,,,,,,,,,,,,,,,,,,Northeast
PA,26.0,"During the next six months, do you think this business will be using Artificial Intelligence (AI) in producing goods or services? (Examples of AI: machine learning, natural language processing, virtual agents, voice recognition, etc.)",2.0,No,71.0%,70.5%,68.3%,67.2%,67.4%,67.3%,70.4%,68.5%,70.6%,72.4%,69.5%,69.7%,72.4%,72.1%,72.1%,72.3%,70.1%,69.3%,75.4%,72.4%,73.1%,75.8%,73.4%,75.0%,72.3%,76.7%,74.8%,71.4%,74.3%,77.6%,73.2%,74.9%,76.1%,75.6%,73.8%,71.2%,72.9%,73.6%,73.5%,73.5%,72.3%,76.3%,76.7%,76.4%,75.5%,76.9%,State.xlsx,,,,,,,,,,,,,,,,,,,,,,,,,,,,,,,Northeast
PA,26.0,"During the next six months, do you think this business will be using Artificial Intelligence (AI) in producing goods or services? (Examples of AI: machine learning, natural language processing, virtual agents, voice recognition, etc.)",3.0,Do not know,20.2%,22.5%,24.0%,24.0%,22.9%,22.8%,20.9%,22.8%,23.4%,19.3%,22.5%,20.7%,18.9%,21.5%,20.4%,21.5%,19.7%,21.2%,17.0%,21.2%,20.1%,18.8%,21.2%,21.1%,21.2%,17.0%,19.1%,21.9%,19.9%,18.1%,21.5%,20.1%,17.9%,18.9%,20.9%,25.9%,21.5%,21.2%,21.9%,20.0%,21.7%,19.6%,18.7%,18.1%,20.0%,16.9%,State.xlsx,,,,,,,,,,,,,,,,,,,,,,,,,,,,,,,Northeast
PR,7.0,"In the last two weeks, did this business use Artificial Intelligence (AI) in producing goods or services? (Examples of AI: machine learning, natural language processing, virtual agents, voice recognition, etc.)",1.0,Yes,5.8%,8.5%,7.9%,7.1%,7.9%,S,4.3%,6.9%,6.4%,S,6.1%,S,S,8.4%,4.6%,4.8%,3.7%,5.9%,5.7%,3.7%,6.4%,S,S,5.4%,S,S,S,S,S,3.9%,S,S,S,S,S,S,S,5.3%,S,S,S,S,4.0%,S,S,3.8%,State.xlsx,,,,,,,,,,,,,,,,,,,,,,,,,,,,,,,Territories
PR,7.0,"In the last two weeks, did this business use Artificial Intelligence (AI) in producing goods or services? (Examples of AI: machine learning, natural language processing, virtual agents, voice recognition, etc.)",2.0,No,86.1%,83.3%,84.1%,83.1%,86.2%,90.1%,89.4%,86.1%,86.4%,89.2%,88.9%,93.1%,90.8%,87.4%,85.6%,89.1%,89.7%,86.3%,86.1%,92.4%,88.3%,91.1%,86.9%,88.2%,89.4%,87.5%,92.2%,88.3%,93.2%,88.5%,90.5%,88.3%,88.1%,88.8%,86.8%,84.3%,85.1%,83.1%,84.8%,83.1%,90.0%,92.7%,91.7%,87.9%,92.8%,90.1%,State.xlsx,,,,,,,,,,,,,,,,,,,,,,,,,,,,,,,Territories
PR,7.0,"In the last two weeks, did this business use Artificial Intelligence (AI) in producing goods or services? (Examples of AI: machine learning, natural language processing, virtual agents, voice recognition, etc.)",3.0,Do not know,8.1%,8.3%,8.1%,9.8%,5.8%,5.9%,6.3%,7.0%,7.3%,7.5%,5.0%,S,7.3%,4.2%,9.7%,6.0%,6.6%,7.8%,8.2%,4.0%,5.3%,8.2%,10.5%,6.4%,7.2%,8.7%,7.1%,8.4%,5.0%,7.6%,6.5%,9.4%,8.8%,8.3%,11.9%,13.1%,12.0%,11.7%,11.9%,14.6%,8.1%,5.4%,4.3%,10.2%,6.3%,6.0%,State.xlsx,,,,,,,,,,,,,,,,,,,,,,,,,,,,,,,Territories
PR,26.0,"During the next six months, do you think this business will be using Artificial Intelligence (AI) in producing goods or services? (Examples of AI: machine learning, natural language processing, virtual agents, voice recognition, etc.)",1.0,Yes,7.9%,10.7%,9.9%,9.6%,10.3%,7.2%,7.2%,9.2%,9.1%,7.3%,9.8%,4.7%,8.7%,10.9%,6.4%,8.1%,4.9%,8.0%,8.2%,6.1%,8.5%,3.4%,S,6.0%,S,S,S,5.7%,S,4.8%,S,S,5.6%,5.7%,5.0%,4.2%,S,5.9%,6.8%,5.1%,3.8%,3.9%,5.4%,S,S,4.3%,State.xlsx,,,,,,,,,,,,,,,,,,,,,,,,,,,,,,,Territories
PR,26.0,"During the next six months, do you think this business will be using Artificial Intelligence (AI) in producing goods or services? (Examples of AI: machine learning, natural language processing, virtual agents, voice recognition, etc.)",2.0,No,62.3%,59.3%,59.3%,60.7%,64.4%,63.8%,67.4%,66.0%,67.4%,63.5%,66.3%,71.0%,69.1%,62.8%,68.2%,68.9%,67.7%,69.7%,65.1%,69.4%,67.8%,73.8%,65.6%,70.7%,72.8%,71.1%,71.0%,70.1%,74.5%,73.4%,75.8%,69.8%,67.0%,76.0%,70.2%,65.9%,69.8%,66.7%,66.8%,66.0%,73.6%,79.4%,72.3%,75.7%,75.5%,73.4%,State.xlsx,,,,,,,,,,,,,,,,,,,,,,,,,,,,,,,Territories
PR,26.0,"During the next six months, do you think this business will be using Artificial Intelligence (AI) in producing goods or services? (Examples of AI: machine learning, natural language processing, virtual agents, voice recognition, etc.)",3.0,Do not know,29.8%,30.0%,30.7%,29.7%,25.3%,29.0%,25.5%,24.8%,23.5%,29.1%,23.9%,24.3%,22.2%,26.3%,25.4%,23.0%,27.4%,22.3%,26.7%,24.5%,23.7%,22.9%,30.8%,23.3%,22.1%,25.0%,26.3%,24.2%,22.4%,21.7%,19.9%,26.3%,27.4%,18.3%,24.8%,29.9%,27.0%,27.4%,26.5%,28.8%,22.5%,16.7%,22.3%,22.0%,21.6%,22.3%,State.xlsx,,,,,,,,,,,,,,,,,,,,,,,,,,,,,,,Territories
RI,7.0,"In the last two weeks, did this business use Artificial Intelligence (AI) in producing goods or services? (Examples of AI: machine learning, natural language processing, virtual agents, voice recognition, etc.)",1.0,Yes,S,S,S,S,16.1%,S,S,S,S,S,S,S,S,S,S,S,S,S,S,S,S,S,S,S,S,S,S,S,S,S,S,S,S,S,S,S,S,S,S,S,8.7%,S,S,S,S,S,State.xlsx,,,,,,,,,,,,,,,,,,,,,,,,,,,,,,,Northeast
RI,7.0,"In the last two weeks, did this business use Artificial Intelligence (AI) in producing goods or services? (Examples of AI: machine learning, natural language processing, virtual agents, voice recognition, etc.)",2.0,No,86.8%,91.6%,84.8%,77.0%,80.1%,91.6%,90.2%,94.1%,83.5%,90.8%,87.4%,92.7%,92.9%,91.8%,84.1%,92.3%,89.4%,94.1%,90.6%,89.6%,94.0%,88.1%,87.3%,91.1%,92.0%,88.1%,89.7%,87.0%,86.6%,91.4%,85.3%,91.6%,91.4%,94.5%,80.2%,88.5%,78.5%,85.1%,88.8%,89.0%,84.2%,92.3%,95.0%,85.1%,90.0%,91.6%,State.xlsx,,,,,,,,,,,,,,,,,,,,,,,,,,,,,,,Northeast
RI,7.0,"In the last two weeks, did this business use Artificial Intelligence (AI) in producing goods or services? (Examples of AI: machine learning, natural language processing, virtual agents, voice recognition, etc.)",3.0,Do not know,S,S,S,S,S,S,S,S,S,S,S,S,S,S,S,S,S,S,S,S,S,S,S,S,S,S,S,S,S,S,S,S,S,S,S,S,18.0%,S,11.2%,S,S,S,S,10.0%,S,S,State.xlsx,,,,,,,,,,,,,,,,,,,,,,,,,,,,,,,Northeast
RI,26.0,"During the next six months, do you think this business will be using Artificial Intelligence (AI) in producing goods or services? (Examples of AI: machine learning, natural language processing, virtual agents, voice recognition, etc.)",1.0,Yes,S,S,16.7%,S,19.4%,S,S,S,11.1%,S,S,S,S,S,S,S,S,S,S,S,S,S,S,S,S,S,S,S,S,S,S,S,S,S,14.5%,S,S,S,S,S,9.0%,S,S,S,S,S,State.xlsx,,,,,,,,,,,,,,,,,,,,,,,,,,,,,,,Northeast
RI,26.0,"During the next six months, do you think this business will be using Artificial Intelligence (AI) in producing goods or services? (Examples of AI: machine learning, natural language processing, virtual agents, voice recognition, etc.)",2.0,No,68.3%,69.7%,68.6%,72.1%,62.6%,73.8%,67.5%,88.3%,67.9%,71.1%,72.4%,67.9%,75.1%,84.4%,73.4%,72.6%,69.5%,72.5%,72.4%,65.6%,70.8%,71.4%,72.4%,77.1%,80.4%,65.7%,77.5%,75.3%,66.2%,81.0%,79.3%,79.4%,79.9%,79.4%,72.0%,70.1%,72.9%,72.5%,80.9%,81.2%,67.6%,73.7%,78.1%,75.8%,75.0%,83.4%,State.xlsx,,,,,,,,,,,,,,,,,,,,,,,,,,,,,,,Northeast
RI,26.0,"During the next six months, do you think this business will be using Artificial Intelligence (AI) in producing goods or services? (Examples of AI: machine learning, natural language processing, virtual agents, voice recognition, etc.)",3.0,Do not know,22.9%,22.2%,14.7%,25.1%,18.0%,21.5%,23.0%,S,21.0%,22.8%,19.0%,25.2%,19.3%,13.0%,19.0%,24.0%,23.1%,22.8%,21.5%,27.6%,20.3%,24.6%,22.4%,18.0%,13.6%,32.5%,14.6%,19.4%,24.4%,13.6%,14.0%,16.4%,12.8%,14.8%,13.5%,22.8%,24.1%,23.0%,18.1%,12.5%,23.5%,19.3%,19.0%,19.6%,24.3%,12.2%,State.xlsx,,,,,,,,,,,,,,,,,,,,,,,,,,,,,,,Northeast
SC,7.0,"In the last two weeks, did this business use Artificial Intelligence (AI) in producing goods or services? (Examples of AI: machine learning, natural language processing, virtual agents, voice recognition, etc.)",1.0,Yes,6.2%,9.8%,8.3%,7.9%,9.0%,6.5%,5.9%,8.7%,6.7%,7.1%,8.1%,4.5%,2.9%,6.8%,4.1%,6.0%,4.2%,5.9%,4.0%,5.2%,4.4%,5.1%,7.4%,S,5.2%,S,4.7%,S,5.6%,3.9%,7.1%,3.8%,S,S,3.4%,4.4%,4.4%,3.8%,3.6%,5.4%,4.7%,3.2%,3.9%,2.9%,4.7%,S,State.xlsx,,,,,,,,,,,,,,,,,,,,,,,,,,,,,,,Southeast
SC,7.0,"In the last two weeks, did this business use Artificial Intelligence (AI) in producing goods or services? (Examples of AI: machine learning, natural language processing, virtual agents, voice recognition, etc.)",2.0,No,84.2%,81.4%,84.4%,84.5%,84.6%,87.4%,86.6%,83.2%,86.8%,87.1%,87.9%,87.7%,91.4%,87.7%,90.1%,88.9%,91.8%,89.5%,91.7%,87.1%,91.1%,90.6%,86.0%,88.2%,89.8%,89.3%,89.2%,92.6%,87.2%,87.0%,85.1%,88.6%,91.9%,93.0%,87.8%,83.4%,87.8%,88.8%,83.9%,83.0%,86.7%,90.6%,89.1%,88.1%,90.0%,92.2%,State.xlsx,,,,,,,,,,,,,,,,,,,,,,,,,,,,,,,Southeast
SC,7.0,"In the last two weeks, did this business use Artificial Intelligence (AI) in producing goods or services? (Examples of AI: machine learning, natural language processing, virtual agents, voice recognition, etc.)",3.0,Do not know,9.6%,8.8%,7.3%,7.6%,6.3%,6.1%,7.5%,8.1%,6.5%,5.7%,4.0%,7.8%,5.8%,5.5%,5.7%,5.1%,4.0%,4.6%,4.3%,7.6%,4.4%,4.4%,6.6%,9.1%,4.9%,9.0%,6.1%,5.9%,7.2%,9.1%,7.8%,7.5%,5.5%,5.5%,8.9%,12.2%,7.8%,7.4%,12.5%,11.7%,8.6%,6.2%,7.0%,9.0%,5.3%,5.3%,State.xlsx,,,,,,,,,,,,,,,,,,,,,,,,,,,,,,,Southeast
SC,26.0,"During the next six months, do you think this business will be using Artificial Intelligence (AI) in producing goods or services? (Examples of AI: machine learning, natural language processing, virtual agents, voice recognition, etc.)",1.0,Yes,9.2%,12.2%,9.0%,7.6%,9.9%,8.7%,8.8%,11.9%,8.8%,8.5%,11.3%,8.4%,4.6%,9.9%,7.3%,7.7%,7.4%,8.5%,6.1%,7.2%,8.1%,8.2%,8.8%,5.4%,6.2%,3.7%,6.3%,3.6%,7.7%,5.2%,7.9%,5.2%,4.4%,3.1%,4.3%,6.3%,6.1%,5.0%,5.7%,4.2%,6.9%,3.8%,7.3%,5.0%,6.7%,4.8%,State.xlsx,,,,,,,,,,,,,,,,,,,,,,,,,,,,,,,Southeast
SC,26.0,"During the next six months, do you think this business will be using Artificial Intelligence (AI) in producing goods or services? (Examples of AI: machine learning, natural language processing, virtual agents, voice recognition, etc.)",2.0,No,64.8%,59.1%,63.1%,64.8%,68.1%,67.6%,66.1%,62.5%,68.3%,68.4%,68.3%,67.6%,68.2%,66.3%,70.4%,71.6%,71.4%,68.8%,70.1%,68.0%,75.5%,73.1%,72.6%,72.6%,72.4%,75.9%,73.3%,75.9%,71.8%,72.7%,68.2%,74.8%,76.4%,74.1%,76.5%,68.9%,69.1%,73.9%,65.9%,70.7%,73.2%,76.4%,74.8%,76.9%,75.3%,75.0%,State.xlsx,,,,,,,,,,,,,,,,,,,,,,,,,,,,,,,Southeast
SC,26.0,"During the next six months, do you think this business will be using Artificial Intelligence (AI) in producing goods or services? (Examples of AI: machine learning, natural language processing, virtual agents, voice recognition, etc.)",3.0,Do not know,26.0%,28.7%,27.9%,27.6%,22.1%,23.7%,25.2%,25.7%,22.8%,23.2%,20.4%,24.0%,27.2%,23.8%,22.3%,20.7%,21.2%,22.7%,23.8%,24.7%,16.5%,18.7%,18.6%,22.0%,21.5%,20.3%,20.4%,20.5%,20.5%,22.1%,23.9%,20.0%,19.3%,22.8%,19.1%,24.7%,24.8%,21.1%,28.4%,25.1%,19.9%,19.7%,17.9%,18.1%,18.0%,20.1%,State.xlsx,,,,,,,,,,,,,,,,,,,,,,,,,,,,,,,Southeast
SD,7.0,"In the last two weeks, did this business use Artificial Intelligence (AI) in producing goods or services? (Examples of AI: machine learning, natural language processing, virtual agents, voice recognition, etc.)",1.0,Yes,S,S,S,S,S,S,S,S,S,S,S,S,S,S,S,S,S,7.0%,6.8%,S,S,S,S,S,S,S,S,S,S,S,S,S,S,S,S,S,S,S,S,S,5.9%,S,S,S,S,S,State.xlsx,,,,,,,,,,,,,,,,,,,,,,,,,,,,,,,Midwest
SD,7.0,"In the last two weeks, did this business use Artificial Intelligence (AI) in producing goods or services? (Examples of AI: machine learning, natural language processing, virtual agents, voice recognition, etc.)",2.0,No,92.3%,84.2%,93.0%,88.6%,90.8%,89.8%,90.8%,92.3%,93.2%,90.4%,90.8%,90.7%,85.7%,94.1%,93.3%,85.1%,87.6%,88.2%,86.0%,93.7%,93.2%,90.0%,88.2%,89.1%,93.4%,89.5%,82.0%,87.2%,85.5%,93.0%,87.2%,92.4%,94.4%,88.5%,88.5%,90.6%,87.1%,91.3%,89.5%,88.5%,90.0%,92.5%,91.1%,93.2%,85.8%,88.3%,State.xlsx,,,,,,,,,,,,,,,,,,,,,,,,,,,,,,,Midwest
SD,7.0,"In the last two weeks, did this business use Artificial Intelligence (AI) in producing goods or services? (Examples of AI: machine learning, natural language processing, virtual agents, voice recognition, etc.)",3.0,Do not know,S,S,S,S,S,S,7.7%,S,S,S,S,S,10.0%,S,S,12.1%,9.5%,S,S,S,S,7.1%,S,S,S,S,15.4%,S,9.9%,S,S,S,S,8.6%,S,S,9.4%,S,S,S,S,6.4%,S,S,10.6%,9.1%,State.xlsx,,,,,,,,,,,,,,,,,,,,,,,,,,,,,,,Midwest
SD,26.0,"During the next six months, do you think this business will be using Artificial Intelligence (AI) in producing goods or services? (Examples of AI: machine learning, natural language processing, virtual agents, voice recognition, etc.)",1.0,Yes,S,14.0%,S,S,S,7.3%,S,S,S,S,S,S,S,S,S,S,S,10.2%,13.4%,S,S,S,S,S,S,S,S,S,S,S,S,S,S,S,6.1%,S,S,S,S,S,6.9%,S,S,S,S,S,State.xlsx,,,,,,,,,,,,,,,,,,,,,,,,,,,,,,,Midwest
SD,26.0,"During the next six months, do you think this business will be using Artificial Intelligence (AI) in producing goods or services? (Examples of AI: machine learning, natural language processing, virtual agents, voice recognition, etc.)",2.0,No,75.9%,66.0%,78.8%,72.1%,67.1%,73.7%,68.7%,80.5%,72.8%,81.5%,69.6%,75.0%,66.2%,77.2%,85.7%,73.9%,68.9%,76.9%,69.0%,78.6%,77.1%,74.6%,75.1%,79.0%,77.6%,79.8%,75.3%,75.6%,73.8%,80.2%,74.0%,81.4%,78.2%,75.0%,71.9%,72.2%,79.8%,79.5%,78.5%,79.0%,79.5%,78.7%,80.1%,83.5%,73.9%,79.6%,State.xlsx,,,,,,,,,,,,,,,,,,,,,,,,,,,,,,,Midwest
SD,26.0,"During the next six months, do you think this business will be using Artificial Intelligence (AI) in producing goods or services? (Examples of AI: machine learning, natural language processing, virtual agents, voice recognition, etc.)",3.0,Do not know,19.2%,19.9%,16.0%,22.7%,25.0%,19.0%,26.9%,16.5%,22.7%,11.9%,24.2%,19.7%,26.2%,17.3%,11.7%,22.3%,25.2%,12.9%,17.7%,17.2%,20.5%,22.4%,19.5%,15.3%,16.6%,14.5%,20.6%,18.2%,20.4%,14.4%,20.7%,14.9%,18.4%,20.4%,22.0%,21.2%,16.6%,15.9%,17.4%,14.8%,13.6%,15.5%,16.8%,10.2%,21.0%,13.8%,State.xlsx,,,,,,,,,,,,,,,,,,,,,,,,,,,,,,,Midwest
TN,7.0,"In the last two weeks, did this business use Artificial Intelligence (AI) in producing goods or services? (Examples of AI: machine learning, natural language processing, virtual agents, voice recognition, etc.)",1.0,Yes,9.1%,6.9%,6.1%,14.4%,6.1%,9.5%,6.0%,4.4%,5.4%,5.4%,3.6%,5.5%,4.9%,4.8%,6.3%,8.0%,2.6%,6.8%,5.7%,3.1%,4.4%,6.4%,3.4%,5.9%,3.1%,5.6%,4.0%,3.9%,3.9%,5.8%,4.4%,4.4%,2.2%,3.2%,7.3%,3.3%,5.3%,4.8%,4.7%,3.8%,5.3%,4.0%,3.1%,3.0%,4.4%,S,State.xlsx,,,,,,,,,,,,,,,,,,,,,,,,,,,,,,,Southeast
TN,7.0,"In the last two weeks, did this business use Artificial Intelligence (AI) in producing goods or services? (Examples of AI: machine learning, natural language processing, virtual agents, voice recognition, etc.)",2.0,No,84.3%,85.0%,88.8%,80.5%,86.8%,83.1%,86.6%,87.7%,89.9%,88.7%,89.2%,86.6%,87.7%,88.4%,86.9%,86.9%,89.3%,86.6%,88.3%,90.9%,90.6%,88.4%,88.1%,85.9%,86.4%,84.9%,85.4%,85.1%,88.1%,88.4%,89.9%,88.6%,89.7%,88.4%,82.3%,83.7%,85.3%,85.1%,83.7%,84.6%,86.8%,89.5%,91.1%,90.3%,90.0%,90.5%,State.xlsx,,,,,,,,,,,,,,,,,,,,,,,,,,,,,,,Southeast
TN,7.0,"In the last two weeks, did this business use Artificial Intelligence (AI) in producing goods or services? (Examples of AI: machine learning, natural language processing, virtual agents, voice recognition, etc.)",3.0,Do not know,6.7%,8.0%,5.1%,5.1%,7.1%,7.4%,7.4%,7.9%,4.7%,5.8%,7.2%,7.9%,7.4%,6.7%,6.8%,5.1%,8.1%,6.7%,6.0%,6.0%,5.0%,5.1%,8.4%,8.2%,10.5%,9.5%,10.5%,11.0%,8.0%,5.8%,5.7%,7.0%,8.1%,8.4%,10.5%,13.0%,9.3%,10.1%,11.7%,11.6%,7.9%,6.5%,5.8%,6.8%,5.6%,7.9%,State.xlsx,,,,,,,,,,,,,,,,,,,,,,,,,,,,,,,Southeast
TN,26.0,"During the next six months, do you think this business will be using Artificial Intelligence (AI) in producing goods or services? (Examples of AI: machine learning, natural language processing, virtual agents, voice recognition, etc.)",1.0,Yes,12.1%,10.1%,8.5%,13.7%,7.2%,14.0%,6.8%,8.5%,5.7%,8.0%,5.9%,9.1%,7.2%,5.9%,7.2%,10.7%,4.9%,9.9%,7.6%,6.1%,6.6%,8.9%,6.3%,6.4%,6.7%,7.1%,5.3%,6.7%,6.1%,6.3%,5.0%,6.0%,4.8%,4.0%,7.6%,3.9%,5.7%,5.1%,6.9%,5.0%,8.8%,5.0%,5.3%,5.0%,6.3%,3.8%,State.xlsx,,,,,,,,,,,,,,,,,,,,,,,,,,,,,,,Southeast
TN,26.0,"During the next six months, do you think this business will be using Artificial Intelligence (AI) in producing goods or services? (Examples of AI: machine learning, natural language processing, virtual agents, voice recognition, etc.)",2.0,No,64.8%,65.1%,70.8%,67.9%,68.9%,64.4%,69.2%,67.6%,77.0%,68.1%,70.1%,68.0%,69.4%,69.5%,74.3%,67.9%,72.6%,71.7%,70.6%,73.5%,74.9%,71.8%,70.6%,69.1%,71.1%,70.8%,73.4%,70.7%,70.2%,75.7%,79.2%,74.3%,74.0%,72.7%,71.6%,71.4%,72.4%,72.7%,72.5%,72.4%,70.9%,76.6%,74.7%,75.0%,79.3%,74.7%,State.xlsx,,,,,,,,,,,,,,,,,,,,,,,,,,,,,,,Southeast
TN,26.0,"During the next six months, do you think this business will be using Artificial Intelligence (AI) in producing goods or services? (Examples of AI: machine learning, natural language processing, virtual agents, voice recognition, etc.)",3.0,Do not know,23.1%,24.8%,20.7%,18.3%,23.8%,21.6%,24.1%,23.9%,17.3%,23.8%,24.0%,22.9%,23.4%,24.6%,18.6%,21.4%,22.5%,18.4%,21.8%,20.4%,18.5%,19.3%,23.1%,24.4%,22.1%,22.1%,21.2%,22.6%,23.8%,18.0%,15.8%,19.7%,21.1%,23.2%,20.8%,24.7%,21.9%,22.2%,20.5%,22.5%,20.3%,18.5%,20.0%,20.0%,14.4%,21.4%,State.xlsx,,,,,,,,,,,,,,,,,,,,,,,,,,,,,,,Southeast
TX,7.0,"In the last two weeks, did this business use Artificial Intelligence (AI) in producing goods or services? (Examples of AI: machine learning, natural language processing, virtual agents, voice recognition, etc.)",1.0,Yes,9.3%,10.0%,8.1%,9.1%,8.3%,9.8%,9.2%,7.4%,7.5%,7.4%,7.1%,6.5%,7.7%,7.3%,5.8%,5.5%,5.7%,5.8%,7.2%,6.4%,5.0%,5.1%,4.8%,4.4%,5.3%,4.0%,6.6%,3.1%,4.9%,4.3%,4.4%,4.2%,4.5%,3.9%,6.3%,4.4%,4.8%,4.6%,6.0%,4.5%,5.0%,4.9%,3.5%,3.7%,3.8%,3.1%,State.xlsx,,,,,,,,,,,,,,,,,,,,,,,,,,,,,,,Southwest
TX,7.0,"In the last two weeks, did this business use Artificial Intelligence (AI) in producing goods or services? (Examples of AI: machine learning, natural language processing, virtual agents, voice recognition, etc.)",2.0,No,85.2%,81.7%,86.6%,84.1%,85.3%,83.7%,85.1%,86.2%,87.1%,85.9%,88.1%,87.0%,85.2%,87.0%,88.4%,88.5%,90.0%,88.4%,87.4%,87.7%,90.3%,88.8%,87.8%,88.2%,87.1%,88.0%,87.0%,88.7%,88.2%,87.8%,88.3%,89.5%,88.3%,89.2%,83.8%,85.4%,84.8%,85.9%,83.3%,86.6%,87.6%,87.8%,89.6%,90.0%,89.3%,91.4%,State.xlsx,,,,,,,,,,,,,,,,,,,,,,,,,,,,,,,Southwest
TX,7.0,"In the last two weeks, did this business use Artificial Intelligence (AI) in producing goods or services? (Examples of AI: machine learning, natural language processing, virtual agents, voice recognition, etc.)",3.0,Do not know,5.5%,8.3%,5.3%,6.8%,6.4%,6.5%,5.7%,6.4%,5.4%,6.7%,4.8%,6.5%,7.0%,5.7%,5.8%,6.0%,4.3%,5.8%,5.4%,5.9%,4.7%,6.1%,7.4%,7.4%,7.5%,8.0%,6.4%,8.2%,6.9%,7.8%,7.3%,6.2%,7.2%,6.9%,9.9%,10.2%,10.4%,9.4%,10.6%,8.9%,7.4%,7.2%,7.0%,6.3%,6.9%,5.5%,State.xlsx,,,,,,,,,,,,,,,,,,,,,,,,,,,,,,,Southwest
TX,26.0,"During the next six months, do you think this business will be using Artificial Intelligence (AI) in producing goods or services? (Examples of AI: machine learning, natural language processing, virtual agents, voice recognition, etc.)",1.0,Yes,12.2%,12.5%,10.7%,12.1%,13.0%,12.0%,11.8%,10.5%,10.5%,9.0%,9.9%,9.7%,10.4%,10.7%,9.2%,8.2%,10.4%,8.5%,10.7%,9.1%,8.6%,8.4%,6.8%,6.5%,7.2%,6.7%,8.3%,5.3%,6.6%,6.8%,5.9%,7.5%,6.5%,6.0%,7.7%,6.3%,6.3%,6.8%,7.0%,6.4%,8.6%,7.0%,5.7%,6.3%,6.7%,6.2%,State.xlsx,,,,,,,,,,,,,,,,,,,,,,,,,,,,,,,Southwest
TX,26.0,"During the next six months, do you think this business will be using Artificial Intelligence (AI) in producing goods or services? (Examples of AI: machine learning, natural language processing, virtual agents, voice recognition, etc.)",2.0,No,66.1%,64.0%,67.1%,64.8%,64.1%,64.3%,67.7%,66.0%,67.7%,64.7%,67.2%,66.2%,67.3%,68.0%,67.6%,69.4%,69.3%,68.7%,68.2%,70.1%,70.2%,69.3%,71.4%,71.0%,70.7%,71.4%,68.9%,71.3%,72.3%,73.2%,71.9%,73.0%,72.0%,72.0%,69.6%,71.2%,69.6%,71.0%,69.1%,70.9%,72.4%,73.7%,73.2%,73.5%,73.7%,74.2%,State.xlsx,,,,,,,,,,,,,,,,,,,,,,,,,,,,,,,Southwest
TX,26.0,"During the next six months, do you think this business will be using Artificial Intelligence (AI) in producing goods or services? (Examples of AI: machine learning, natural language processing, virtual agents, voice recognition, etc.)",3.0,Do not know,21.7%,23.5%,22.2%,23.0%,22.9%,23.7%,20.4%,23.5%,21.7%,26.3%,22.9%,24.0%,22.3%,21.3%,23.2%,22.4%,20.3%,22.8%,21.1%,20.7%,21.2%,22.2%,21.8%,22.5%,22.1%,21.9%,22.8%,23.4%,21.1%,19.9%,22.2%,19.4%,21.5%,22.0%,22.7%,22.5%,24.1%,22.2%,24.0%,22.7%,19.1%,19.3%,21.1%,20.2%,19.6%,19.6%,State.xlsx,,,,,,,,,,,,,,,,,,,,,,,,,,,,,,,Southwest
UT,7.0,"In the last two weeks, did this business use Artificial Intelligence (AI) in producing goods or services? (Examples of AI: machine learning, natural language processing, virtual agents, voice recognition, etc.)",1.0,Yes,9.7%,14.6%,13.3%,11.4%,12.4%,9.3%,6.9%,9.1%,11.7%,9.0%,8.1%,8.2%,7.3%,10.9%,7.9%,10.2%,6.5%,11.3%,8.4%,10.1%,9.1%,9.0%,4.9%,7.8%,6.1%,7.6%,7.7%,6.1%,6.2%,5.9%,5.6%,3.5%,4.2%,6.1%,8.1%,6.3%,6.3%,5.6%,5.8%,6.8%,4.8%,4.9%,2.8%,3.4%,4.6%,5.2%,State.xlsx,,,,,,,,,,,,,,,,,,,,,,,,,,,,,,,West
UT,7.0,"In the last two weeks, did this business use Artificial Intelligence (AI) in producing goods or services? (Examples of AI: machine learning, natural language processing, virtual agents, voice recognition, etc.)",2.0,No,82.2%,79.4%,80.0%,79.2%,82.9%,84.4%,87.4%,84.5%,84.6%,85.1%,86.0%,86.9%,86.5%,84.7%,88.6%,85.5%,87.9%,83.8%,87.2%,84.4%,84.8%,86.8%,86.2%,83.4%,84.7%,85.6%,85.8%,86.2%,87.5%,86.6%,87.4%,87.5%,91.7%,86.8%,80.5%,81.7%,81.0%,86.6%,84.2%,84.4%,86.9%,88.5%,90.8%,91.4%,91.1%,89.2%,State.xlsx,,,,,,,,,,,,,,,,,,,,,,,,,,,,,,,West
UT,7.0,"In the last two weeks, did this business use Artificial Intelligence (AI) in producing goods or services? (Examples of AI: machine learning, natural language processing, virtual agents, voice recognition, etc.)",3.0,Do not know,8.1%,6.0%,6.7%,9.3%,4.7%,6.3%,5.7%,6.5%,3.8%,5.9%,5.9%,4.9%,6.2%,4.4%,S,4.3%,5.6%,4.8%,4.5%,5.5%,6.1%,4.2%,9.0%,8.7%,9.2%,6.8%,6.5%,7.7%,6.3%,7.5%,7.0%,9.0%,4.1%,7.1%,11.4%,12.0%,12.7%,7.9%,10.0%,8.8%,8.4%,6.6%,6.4%,5.1%,4.3%,5.6%,State.xlsx,,,,,,,,,,,,,,,,,,,,,,,,,,,,,,,West
UT,26.0,"During the next six months, do you think this business will be using Artificial Intelligence (AI) in producing goods or services? (Examples of AI: machine learning, natural language processing, virtual agents, voice recognition, etc.)",1.0,Yes,12.0%,15.7%,17.8%,16.0%,13.9%,11.7%,13.7%,12.3%,16.1%,12.1%,10.9%,9.2%,11.2%,13.9%,11.5%,10.8%,10.5%,14.5%,12.8%,13.8%,12.6%,11.6%,7.5%,8.9%,7.2%,8.6%,10.0%,8.7%,6.3%,9.5%,8.5%,6.1%,7.5%,8.4%,9.3%,8.1%,7.0%,7.4%,8.2%,9.4%,6.2%,9.3%,5.7%,7.7%,8.8%,8.9%,State.xlsx,,,,,,,,,,,,,,,,,,,,,,,,,,,,,,,West
UT,26.0,"During the next six months, do you think this business will be using Artificial Intelligence (AI) in producing goods or services? (Examples of AI: machine learning, natural language processing, virtual agents, voice recognition, etc.)",2.0,No,64.9%,62.4%,59.7%,60.8%,69.5%,66.6%,61.8%,65.5%,64.6%,64.6%,67.4%,68.9%,65.2%,63.6%,66.8%,69.1%,71.3%,65.5%,67.9%,64.9%,64.5%,72.6%,68.2%,68.7%,72.9%,70.2%,69.0%,66.4%,69.4%,69.3%,66.0%,73.0%,70.9%,70.9%,65.6%,70.0%,67.6%,72.9%,75.2%,69.2%,73.3%,73.2%,73.8%,73.8%,74.6%,72.5%,State.xlsx,,,,,,,,,,,,,,,,,,,,,,,,,,,,,,,West
UT,26.0,"During the next six months, do you think this business will be using Artificial Intelligence (AI) in producing goods or services? (Examples of AI: machine learning, natural language processing, virtual agents, voice recognition, etc.)",3.0,Do not know,23.1%,21.9%,22.6%,23.2%,16.6%,21.8%,24.4%,22.1%,19.3%,23.3%,21.6%,21.9%,23.7%,22.5%,21.7%,20.1%,18.2%,20.0%,19.3%,21.3%,22.8%,15.8%,24.3%,22.4%,20.0%,21.3%,21.0%,24.9%,24.4%,21.2%,25.5%,20.9%,21.5%,20.7%,25.1%,21.9%,25.4%,19.8%,16.6%,21.3%,20.5%,17.5%,20.5%,18.4%,16.6%,18.7%,State.xlsx,,,,,,,,,,,,,,,,,,,,,,,,,,,,,,,West
VA,7.0,"In the last two weeks, did this business use Artificial Intelligence (AI) in producing goods or services? (Examples of AI: machine learning, natural language processing, virtual agents, voice recognition, etc.)",1.0,Yes,8.0%,9.0%,8.9%,11.0%,8.8%,6.5%,7.5%,6.7%,7.7%,7.3%,5.3%,6.7%,6.7%,6.3%,6.7%,6.1%,6.1%,7.9%,5.1%,5.2%,5.6%,6.8%,4.5%,4.9%,6.1%,3.9%,6.1%,4.5%,5.8%,4.8%,5.3%,4.5%,4.8%,5.7%,5.2%,5.4%,5.6%,4.5%,3.1%,4.5%,5.4%,4.9%,4.6%,3.4%,4.2%,4.1%,State.xlsx,,,,,,,,,,,,,,,,,,,,,,,,,,,,,,,Southeast
VA,7.0,"In the last two weeks, did this business use Artificial Intelligence (AI) in producing goods or services? (Examples of AI: machine learning, natural language processing, virtual agents, voice recognition, etc.)",2.0,No,83.9%,85.8%,83.8%,82.5%,82.2%,88.9%,85.5%,87.6%,85.2%,85.1%,88.5%,87.6%,89.0%,89.2%,87.8%,87.6%,85.4%,86.8%,89.6%,88.1%,88.1%,88.3%,88.3%,86.1%,84.9%,88.9%,85.0%,89.0%,86.9%,89.3%,88.2%,89.6%,88.7%,88.1%,84.1%,83.9%,84.2%,84.8%,87.6%,86.0%,87.6%,88.5%,89.0%,89.4%,88.5%,89.5%,State.xlsx,,,,,,,,,,,,,,,,,,,,,,,,,,,,,,,Southeast
VA,7.0,"In the last two weeks, did this business use Artificial Intelligence (AI) in producing goods or services? (Examples of AI: machine learning, natural language processing, virtual agents, voice recognition, etc.)",3.0,Do not know,8.1%,5.1%,7.3%,6.4%,9.0%,4.6%,6.9%,5.7%,7.1%,7.6%,6.2%,5.8%,4.3%,4.5%,5.6%,6.4%,8.5%,5.3%,5.3%,6.7%,6.3%,4.9%,7.2%,9.0%,9.1%,7.2%,8.9%,6.5%,7.3%,5.9%,6.5%,5.9%,6.6%,6.1%,10.7%,10.7%,10.2%,10.8%,9.4%,9.5%,7.0%,6.6%,6.4%,7.3%,7.3%,6.3%,State.xlsx,,,,,,,,,,,,,,,,,,,,,,,,,,,,,,,Southeast
VA,26.0,"During the next six months, do you think this business will be using Artificial Intelligence (AI) in producing goods or services? (Examples of AI: machine learning, natural language processing, virtual agents, voice recognition, etc.)",1.0,Yes,9.4%,11.4%,10.9%,12.9%,10.9%,9.5%,9.6%,9.1%,9.8%,10.8%,8.8%,10.6%,9.4%,8.5%,10.1%,9.5%,8.9%,11.5%,8.9%,8.3%,8.9%,9.5%,6.8%,7.0%,7.5%,6.0%,8.8%,7.4%,7.2%,6.1%,7.4%,8.3%,7.8%,8.2%,5.6%,7.9%,6.4%,7.4%,6.0%,6.3%,7.4%,6.6%,8.6%,5.7%,6.7%,7.9%,State.xlsx,,,,,,,,,,,,,,,,,,,,,,,,,,,,,,,Southeast
VA,26.0,"During the next six months, do you think this business will be using Artificial Intelligence (AI) in producing goods or services? (Examples of AI: machine learning, natural language processing, virtual agents, voice recognition, etc.)",2.0,No,67.0%,64.5%,64.7%,63.9%,67.9%,70.8%,68.5%,69.4%,64.8%,65.3%,67.1%,69.7%,71.4%,70.3%,68.7%,69.7%,67.0%,67.3%,71.0%,69.4%,69.7%,71.7%,75.1%,72.1%,65.0%,74.6%,68.9%,71.3%,72.0%,72.9%,70.7%,74.5%,72.7%,73.2%,70.7%,69.9%,70.1%,69.0%,73.6%,72.9%,72.8%,74.8%,72.0%,75.3%,74.4%,71.0%,State.xlsx,,,,,,,,,,,,,,,,,,,,,,,,,,,,,,,Southeast
VA,26.0,"During the next six months, do you think this business will be using Artificial Intelligence (AI) in producing goods or services? (Examples of AI: machine learning, natural language processing, virtual agents, voice recognition, etc.)",3.0,Do not know,23.6%,24.1%,24.4%,23.2%,21.2%,19.7%,21.9%,21.4%,25.4%,23.8%,24.1%,19.8%,19.2%,21.3%,21.2%,20.7%,24.1%,21.2%,20.0%,22.3%,21.5%,18.8%,18.1%,20.9%,27.5%,19.4%,22.4%,21.2%,20.8%,21.0%,21.9%,17.2%,19.5%,18.6%,23.6%,22.2%,23.5%,23.6%,20.4%,20.8%,19.9%,18.6%,19.4%,18.9%,18.9%,21.1%,State.xlsx,,,,,,,,,,,,,,,,,,,,,,,,,,,,,,,Southeast
VT,7.0,"In the last two weeks, did this business use Artificial Intelligence (AI) in producing goods or services? (Examples of AI: machine learning, natural language processing, virtual agents, voice recognition, etc.)",1.0,Yes,S,9.5%,S,S,S,S,S,8.3%,S,S,S,S,S,8.3%,S,S,S,S,S,S,S,S,S,S,S,S,S,S,S,S,S,S,S,S,S,S,S,S,S,S,S,S,S,S,S,S,State.xlsx,,,,,,,,,,,,,,,,,,,,,,,,,,,,,,,Northeast
VT,7.0,"In the last two weeks, did this business use Artificial Intelligence (AI) in producing goods or services? (Examples of AI: machine learning, natural language processing, virtual agents, voice recognition, etc.)",2.0,No,84.9%,88.4%,97.3%,88.5%,95.8%,90.8%,95.7%,91.7%,94.7%,89.0%,95.1%,88.8%,92.1%,89.4%,95.1%,87.1%,82.8%,92.5%,93.8%,93.4%,95.3%,86.2%,91.2%,80.7%,96.5%,92.1%,91.9%,92.3%,92.8%,91.4%,93.6%,90.2%,90.3%,86.7%,91.9%,76.7%,89.7%,92.0%,90.4%,88.3%,89.6%,88.2%,89.0%,94.4%,90.1%,94.9%,State.xlsx,,,,,,,,,,,,,,,,,,,,,,,,,,,,,,,Northeast
VT,7.0,"In the last two weeks, did this business use Artificial Intelligence (AI) in producing goods or services? (Examples of AI: machine learning, natural language processing, virtual agents, voice recognition, etc.)",3.0,Do not know,S,S,S,S,S,S,S,S,S,S,S,S,S,S,S,S,S,S,S,S,S,S,S,12.6%,S,S,S,S,S,S,S,S,S,S,S,16.6%,S,S,S,11.7%,S,S,S,S,S,S,State.xlsx,,,,,,,,,,,,,,,,,,,,,,,,,,,,,,,Northeast
VT,26.0,"During the next six months, do you think this business will be using Artificial Intelligence (AI) in producing goods or services? (Examples of AI: machine learning, natural language processing, virtual agents, voice recognition, etc.)",1.0,Yes,S,12.5%,S,11.4%,S,S,S,8.3%,S,S,S,S,S,7.9%,S,S,S,S,S,S,S,11.1%,S,S,S,S,S,11.1%,9.4%,S,S,S,S,S,S,S,S,S,S,S,S,S,S,S,S,S,State.xlsx,,,,,,,,,,,,,,,,,,,,,,,,,,,,,,,Northeast
VT,26.0,"During the next six months, do you think this business will be using Artificial Intelligence (AI) in producing goods or services? (Examples of AI: machine learning, natural language processing, virtual agents, voice recognition, etc.)",2.0,No,73.0%,77.1%,89.6%,76.5%,83.0%,78.1%,86.6%,81.8%,82.6%,79.8%,77.5%,78.6%,82.7%,80.7%,85.9%,73.8%,74.2%,81.2%,80.7%,79.9%,86.0%,70.3%,75.0%,69.8%,84.0%,88.2%,76.2%,77.6%,72.3%,75.0%,73.2%,78.8%,77.6%,76.6%,75.4%,65.7%,82.6%,83.4%,82.5%,79.1%,74.9%,76.2%,76.8%,78.6%,81.1%,79.5%,State.xlsx,,,,,,,,,,,,,,,,,,,,,,,,,,,,,,,Northeast
VT,26.0,"During the next six months, do you think this business will be using Artificial Intelligence (AI) in producing goods or services? (Examples of AI: machine learning, natural language processing, virtual agents, voice recognition, etc.)",3.0,Do not know,14.5%,S,9.8%,12.1%,S,14.5%,S,10.0%,13.1%,11.4%,S,12.6%,S,11.4%,11.4%,15.8%,17.8%,11.3%,12.3%,14.2%,9.2%,18.6%,21.2%,24.4%,13.8%,S,17.9%,11.3%,18.3%,19.5%,18.8%,14.9%,14.1%,16.7%,19.6%,25.3%,9.6%,14.1%,15.4%,18.5%,22.1%,18.8%,17.4%,17.1%,16.0%,12.3%,State.xlsx,,,,,,,,,,,,,,,,,,,,,,,,,,,,,,,Northeast
WA,7.0,"In the last two weeks, did this business use Artificial Intelligence (AI) in producing goods or services? (Examples of AI: machine learning, natural language processing, virtual agents, voice recognition, etc.)",1.0,Yes,12.0%,11.1%,10.0%,10.3%,10.7%,8.6%,10.6%,8.5%,10.1%,7.4%,9.3%,8.0%,10.5%,7.6%,6.8%,7.6%,8.9%,8.4%,9.1%,7.1%,7.1%,6.6%,6.3%,5.8%,5.1%,6.7%,6.1%,5.4%,6.7%,6.7%,4.9%,4.4%,5.8%,5.4%,6.4%,5.9%,5.9%,5.9%,6.5%,5.7%,4.9%,4.9%,4.2%,5.3%,3.9%,4.0%,State.xlsx,,,,,,,,,,,,,,,,,,,,,,,,,,,,,,,West
WA,7.0,"In the last two weeks, did this business use Artificial Intelligence (AI) in producing goods or services? (Examples of AI: machine learning, natural language processing, virtual agents, voice recognition, etc.)",2.0,No,80.3%,80.6%,84.3%,81.6%,83.8%,84.3%,83.0%,85.8%,84.3%,86.2%,83.9%,86.3%,83.6%,85.4%,86.6%,87.1%,84.7%,85.0%,86.7%,87.7%,87.3%,87.9%,86.5%,86.0%,87.9%,87.7%,86.8%,86.3%,86.3%,85.8%,89.2%,89.7%,86.8%,87.9%,84.6%,86.0%,85.5%,84.9%,82.8%,83.4%,89.8%,88.7%,90.4%,89.2%,89.7%,90.4%,State.xlsx,,,,,,,,,,,,,,,,,,,,,,,,,,,,,,,West
WA,7.0,"In the last two weeks, did this business use Artificial Intelligence (AI) in producing goods or services? (Examples of AI: machine learning, natural language processing, virtual agents, voice recognition, etc.)",3.0,Do not know,7.7%,8.2%,5.7%,8.1%,5.5%,7.1%,6.5%,5.7%,5.6%,6.4%,6.8%,5.6%,5.9%,7.0%,6.5%,5.2%,6.4%,6.6%,4.2%,5.3%,5.7%,5.5%,7.2%,8.2%,6.9%,5.5%,7.1%,8.3%,7.0%,7.5%,5.8%,5.9%,7.4%,6.6%,9.0%,8.1%,8.6%,9.3%,10.7%,10.9%,5.3%,6.4%,5.4%,5.4%,6.4%,5.7%,State.xlsx,,,,,,,,,,,,,,,,,,,,,,,,,,,,,,,West
WA,26.0,"During the next six months, do you think this business will be using Artificial Intelligence (AI) in producing goods or services? (Examples of AI: machine learning, natural language processing, virtual agents, voice recognition, etc.)",1.0,Yes,15.7%,13.3%,11.9%,13.7%,11.8%,11.2%,14.2%,10.6%,11.4%,9.6%,12.7%,12.3%,13.4%,10.2%,11.0%,10.3%,13.8%,11.7%,13.0%,9.4%,9.4%,9.6%,9.9%,8.1%,8.1%,8.4%,8.3%,7.0%,8.3%,9.1%,6.9%,7.1%,7.2%,6.9%,6.4%,9.1%,7.3%,7.4%,8.3%,7.0%,7.9%,8.5%,7.2%,7.8%,7.7%,6.9%,State.xlsx,,,,,,,,,,,,,,,,,,,,,,,,,,,,,,,West
WA,26.0,"During the next six months, do you think this business will be using Artificial Intelligence (AI) in producing goods or services? (Examples of AI: machine learning, natural language processing, virtual agents, voice recognition, etc.)",2.0,No,60.8%,62.1%,67.8%,66.4%,65.7%,68.0%,62.4%,67.9%,64.9%,68.4%,65.5%,67.2%,65.8%,68.4%,68.9%,67.8%,66.0%,66.5%,67.2%,69.0%,69.9%,68.8%,70.2%,71.1%,71.1%,69.4%,72.9%,69.7%,69.9%,69.8%,75.5%,75.2%,72.6%,72.4%,72.8%,71.6%,71.0%,74.8%,69.4%,70.8%,74.9%,73.9%,75.6%,73.7%,75.8%,76.1%,State.xlsx,,,,,,,,,,,,,,,,,,,,,,,,,,,,,,,West
WA,26.0,"During the next six months, do you think this business will be using Artificial Intelligence (AI) in producing goods or services? (Examples of AI: machine learning, natural language processing, virtual agents, voice recognition, etc.)",3.0,Do not know,23.5%,24.5%,20.4%,20.0%,22.5%,20.8%,23.5%,21.6%,23.7%,22.0%,21.9%,20.6%,20.7%,21.4%,20.0%,22.0%,20.2%,21.8%,19.8%,21.5%,20.7%,21.6%,19.9%,20.8%,20.7%,22.2%,18.8%,23.3%,21.8%,21.1%,17.6%,17.7%,20.2%,20.7%,20.8%,19.2%,21.7%,17.8%,22.3%,22.2%,17.2%,17.6%,17.2%,18.5%,16.5%,17.0%,State.xlsx,,,,,,,,,,,,,,,,,,,,,,,,,,,,,,,West
WI,7.0,"In the last two weeks, did this business use Artificial Intelligence (AI) in producing goods or services? (Examples of AI: machine learning, natural language processing, virtual agents, voice recognition, etc.)",1.0,Yes,5.2%,6.3%,8.0%,7.1%,7.8%,8.1%,5.1%,4.7%,6.4%,6.1%,4.8%,4.8%,4.1%,3.2%,6.3%,3.9%,3.9%,4.6%,3.6%,3.3%,3.9%,3.4%,3.8%,5.9%,3.2%,4.2%,3.5%,4.9%,3.2%,3.9%,3.1%,3.9%,2.6%,4.2%,5.2%,4.3%,4.9%,2.7%,3.9%,3.6%,3.1%,3.3%,2.0%,2.7%,2.3%,3.1%,State.xlsx,,,,,,,,,,,,,,,,,,,,,,,,,,,,,,,Midwest
WI,7.0,"In the last two weeks, did this business use Artificial Intelligence (AI) in producing goods or services? (Examples of AI: machine learning, natural language processing, virtual agents, voice recognition, etc.)",2.0,No,87.1%,90.4%,88.0%,88.5%,86.2%,87.2%,88.9%,89.9%,89.6%,89.9%,90.7%,90.7%,92.0%,92.7%,89.7%,92.1%,92.8%,90.4%,91.8%,92.9%,91.9%,91.2%,90.1%,89.5%,89.0%,90.5%,89.8%,89.4%,91.1%,89.5%,89.0%,89.5%,92.1%,89.2%,88.8%,88.0%,85.0%,91.3%,90.3%,88.0%,91.4%,91.0%,93.5%,91.3%,93.0%,91.8%,State.xlsx,,,,,,,,,,,,,,,,,,,,,,,,,,,,,,,Midwest
WI,7.0,"In the last two weeks, did this business use Artificial Intelligence (AI) in producing goods or services? (Examples of AI: machine learning, natural language processing, virtual agents, voice recognition, etc.)",3.0,Do not know,7.8%,3.2%,4.1%,4.4%,6.1%,4.8%,6.0%,5.5%,3.9%,4.0%,4.5%,4.5%,3.9%,4.1%,4.0%,4.1%,3.3%,5.0%,4.6%,3.8%,4.2%,5.4%,6.0%,4.6%,7.9%,5.3%,6.7%,5.6%,5.7%,6.6%,7.9%,6.6%,5.4%,6.6%,5.9%,7.7%,10.1%,6.0%,5.8%,8.5%,5.4%,5.6%,4.5%,6.0%,4.8%,5.0%,State.xlsx,,,,,,,,,,,,,,,,,,,,,,,,,,,,,,,Midwest
WI,26.0,"During the next six months, do you think this business will be using Artificial Intelligence (AI) in producing goods or services? (Examples of AI: machine learning, natural language processing, virtual agents, voice recognition, etc.)",1.0,Yes,6.8%,8.0%,7.5%,10.0%,8.7%,10.0%,6.9%,6.9%,9.0%,8.2%,7.4%,8.9%,5.1%,6.5%,8.9%,5.7%,6.1%,7.2%,5.8%,5.7%,6.3%,7.7%,5.9%,8.4%,4.6%,5.4%,4.6%,7.2%,5.8%,5.1%,6.4%,6.4%,4.0%,6.2%,5.1%,5.8%,5.9%,5.1%,3.8%,4.7%,5.8%,5.9%,5.0%,5.1%,3.0%,4.1%,State.xlsx,,,,,,,,,,,,,,,,,,,,,,,,,,,,,,,Midwest
WI,26.0,"During the next six months, do you think this business will be using Artificial Intelligence (AI) in producing goods or services? (Examples of AI: machine learning, natural language processing, virtual agents, voice recognition, etc.)",2.0,No,71.3%,72.4%,73.2%,70.0%,69.2%,72.0%,71.9%,74.3%,74.6%,71.1%,73.1%,75.0%,76.8%,76.4%,75.0%,74.2%,75.0%,78.2%,76.8%,74.0%,78.3%,74.7%,76.7%,73.9%,77.5%,76.5%,79.5%,77.2%,77.4%,75.8%,75.2%,76.7%,80.7%,75.6%,75.5%,73.3%,73.6%,77.2%,73.7%,76.3%,78.8%,77.7%,78.9%,80.9%,80.8%,82.1%,State.xlsx,,,,,,,,,,,,,,,,,,,,,,,,,,,,,,,Midwest
WI,26.0,"During the next six months, do you think this business will be using Artificial Intelligence (AI) in producing goods or services? (Examples of AI: machine learning, natural language processing, virtual agents, voice recognition, etc.)",3.0,Do not know,21.9%,19.6%,19.3%,20.0%,22.1%,18.0%,21.2%,18.8%,16.4%,20.7%,19.6%,16.2%,18.1%,17.2%,16.2%,20.1%,18.9%,14.5%,17.4%,20.3%,15.4%,17.6%,17.5%,17.7%,17.9%,18.1%,15.9%,15.6%,16.8%,19.1%,18.3%,16.9%,15.4%,18.2%,19.4%,20.9%,20.5%,17.6%,22.5%,19.0%,15.4%,16.4%,16.0%,14.0%,16.2%,13.8%,State.xlsx,,,,,,,,,,,,,,,,,,,,,,,,,,,,,,,Midwest
WV,7.0,"In the last two weeks, did this business use Artificial Intelligence (AI) in producing goods or services? (Examples of AI: machine learning, natural language processing, virtual agents, voice recognition, etc.)",1.0,Yes,S,S,S,S,S,S,S,S,S,S,S,S,S,S,S,S,S,S,S,S,S,S,S,S,S,S,S,S,S,S,S,S,S,S,S,S,S,S,S,S,S,S,S,S,S,S,State.xlsx,,,,,,,,,,,,,,,,,,,,,,,,,,,,,,,Southeast
WV,7.0,"In the last two weeks, did this business use Artificial Intelligence (AI) in producing goods or services? (Examples of AI: machine learning, natural language processing, virtual agents, voice recognition, etc.)",2.0,No,89.3%,85.0%,87.8%,94.5%,91.2%,93.2%,88.7%,92.1%,91.9%,90.7%,95.6%,93.5%,95.5%,94.8%,91.6%,94.9%,93.1%,95.2%,88.9%,96.1%,92.8%,93.8%,87.2%,89.7%,84.5%,82.5%,90.9%,90.3%,89.6%,90.2%,87.5%,89.8%,90.6%,90.9%,90.0%,88.9%,88.0%,89.1%,88.6%,90.1%,89.7%,94.7%,92.0%,92.7%,93.1%,93.6%,State.xlsx,,,,,,,,,,,,,,,,,,,,,,,,,,,,,,,Southeast
WV,7.0,"In the last two weeks, did this business use Artificial Intelligence (AI) in producing goods or services? (Examples of AI: machine learning, natural language processing, virtual agents, voice recognition, etc.)",3.0,Do not know,7.5%,S,8.3%,S,S,S,8.8%,S,S,S,S,S,S,S,S,S,S,S,S,S,S,S,10.3%,S,14.1%,14.3%,7.9%,S,9.4%,S,8.6%,8.7%,S,S,10.0%,S,11.2%,S,9.7%,8.0%,8.4%,S,6.0%,S,S,S,State.xlsx,,,,,,,,,,,,,,,,,,,,,,,,,,,,,,,Southeast
WV,26.0,"During the next six months, do you think this business will be using Artificial Intelligence (AI) in producing goods or services? (Examples of AI: machine learning, natural language processing, virtual agents, voice recognition, etc.)",1.0,Yes,S,S,S,S,S,S,S,S,S,S,S,S,S,S,S,S,S,S,S,S,S,S,S,S,S,S,S,S,S,S,S,S,S,S,S,S,S,S,S,S,S,S,S,S,S,S,State.xlsx,,,,,,,,,,,,,,,,,,,,,,,,,,,,,,,Southeast
WV,26.0,"During the next six months, do you think this business will be using Artificial Intelligence (AI) in producing goods or services? (Examples of AI: machine learning, natural language processing, virtual agents, voice recognition, etc.)",2.0,No,83.4%,75.7%,73.3%,79.2%,76.1%,75.6%,75.5%,81.2%,78.9%,80.7%,81.9%,76.2%,87.4%,83.1%,76.2%,79.3%,75.2%,82.7%,79.0%,77.8%,80.1%,83.0%,77.2%,77.0%,71.6%,71.9%,76.2%,81.5%,80.8%,80.7%,77.3%,71.3%,81.0%,82.0%,85.2%,78.8%,82.3%,80.4%,81.6%,79.4%,81.0%,80.1%,88.0%,79.3%,80.1%,88.8%,State.xlsx,,,,,,,,,,,,,,,,,,,,,,,,,,,,,,,Southeast
WV,26.0,"During the next six months, do you think this business will be using Artificial Intelligence (AI) in producing goods or services? (Examples of AI: machine learning, natural language processing, virtual agents, voice recognition, etc.)",3.0,Do not know,13.4%,18.3%,21.9%,16.7%,19.0%,18.9%,22.9%,17.8%,17.8%,14.9%,15.0%,19.0%,10.5%,15.9%,18.9%,17.6%,18.4%,13.8%,16.5%,19.4%,17.7%,13.7%,20.0%,20.3%,25.8%,22.9%,21.4%,18.0%,17.3%,15.4%,18.7%,26.3%,18.1%,13.8%,14.8%,14.5%,17.1%,16.4%,16.4%,19.2%,17.3%,16.6%,10.8%,18.9%,16.4%,9.8%,State.xlsx,,,,,,,,,,,,,,,,,,,,,,,,,,,,,,,Southeast
WY,7.0,"In the last two weeks, did this business use Artificial Intelligence (AI) in producing goods or services? (Examples of AI: machine learning, natural language processing, virtual agents, voice recognition, etc.)",1.0,Yes,S,S,S,S,S,16.1%,S,S,S,S,S,S,S,S,S,S,S,S,S,S,S,S,S,S,S,S,S,S,S,S,S,S,S,S,S,S,S,S,S,S,S,S,S,S,S,S,State.xlsx,,,,,,,,,,,,,,,,,,,,,,,,,,,,,,,West
WY,7.0,"In the last two weeks, did this business use Artificial Intelligence (AI) in producing goods or services? (Examples of AI: machine learning, natural language processing, virtual agents, voice recognition, etc.)",2.0,No,88.6%,88.8%,89.3%,83.6%,88.3%,75.5%,84.7%,92.6%,89.4%,83.4%,88.8%,80.0%,88.1%,95.0%,94.9%,81.8%,95.8%,83.9%,91.3%,96.1%,95.5%,83.8%,92.8%,88.8%,86.0%,92.3%,89.6%,92.2%,92.2%,86.4%,93.0%,90.6%,86.3%,90.1%,93.8%,90.7%,84.8%,89.2%,82.1%,87.4%,87.6%,86.7%,92.1%,90.5%,84.0%,90.9%,State.xlsx,,,,,,,,,,,,,,,,,,,,,,,,,,,,,,,West
WY,7.0,"In the last two weeks, did this business use Artificial Intelligence (AI) in producing goods or services? (Examples of AI: machine learning, natural language processing, virtual agents, voice recognition, etc.)",3.0,Do not know,S,S,S,S,S,S,9.6%,S,S,S,S,S,S,S,S,S,S,S,S,S,S,S,S,S,S,S,S,S,S,S,S,S,S,S,S,S,S,10.8%,S,S,S,S,S,S,12.4%,S,State.xlsx,,,,,,,,,,,,,,,,,,,,,,,,,,,,,,,West
WY,26.0,"During the next six months, do you think this business will be using Artificial Intelligence (AI) in producing goods or services? (Examples of AI: machine learning, natural language processing, virtual agents, voice recognition, etc.)",1.0,Yes,9.6%,S,S,S,S,15.6%,S,S,S,S,S,S,S,S,S,S,S,11.2%,8.3%,S,S,9.7%,S,S,S,S,S,S,S,S,S,S,S,S,S,S,8.9%,S,S,S,8.4%,S,S,S,S,S,State.xlsx,,,,,,,,,,,,,,,,,,,,,,,,,,,,,,,West
WY,26.0,"During the next six months, do you think this business will be using Artificial Intelligence (AI) in producing goods or services? (Examples of AI: machine learning, natural language processing, virtual agents, voice recognition, etc.)",2.0,No,73.1%,73.0%,69.0%,75.6%,76.2%,62.9%,73.4%,77.1%,80.9%,67.4%,73.8%,70.9%,77.6%,75.2%,75.7%,67.2%,83.7%,64.9%,81.9%,77.7%,84.5%,64.0%,74.0%,84.3%,74.2%,79.6%,77.1%,81.7%,81.2%,74.4%,65.4%,81.5%,81.2%,75.8%,78.1%,67.5%,70.4%,78.4%,74.7%,77.5%,74.9%,82.1%,80.1%,76.0%,78.0%,76.4%,State.xlsx,,,,,,,,,,,,,,,,,,,,,,,,,,,,,,,West
WY,26.0,"During the next six months, do you think this business will be using Artificial Intelligence (AI) in producing goods or services? (Examples of AI: machine learning, natural language processing, virtual agents, voice recognition, etc.)",3.0,Do not know,17.3%,17.3%,21.5%,15.9%,16.9%,21.5%,20.5%,17.5%,12.7%,25.3%,24.1%,21.6%,16.5%,18.8%,19.8%,20.7%,13.2%,23.9%,9.7%,17.3%,9.1%,26.3%,22.6%,S,19.4%,11.5%,18.6%,S,10.8%,19.2%,29.5%,11.4%,11.4%,14.1%,18.6%,27.1%,20.7%,17.8%,16.5%,13.9%,16.7%,10.2%,13.3%,16.2%,14.9%,15.9%,State.xlsx,,,,,,,,,,,,,,,,,,,,,,,,,,,,,,,West
XX,7.0,"In the last two weeks, did this business use Artificial Intelligence (AI) in producing goods or services? (Examples of AI: machine learning, natural language processing, virtual agents, voice recognition, etc.)",1.0,Yes,11.7%,12.1%,13.8%,11.3%,9.5%,11.3%,9.8%,11.1%,11.6%,10.2%,7.8%,8.7%,8.0%,9.6%,9.0%,8.8%,7.8%,8.7%,6.4%,7.6%,7.9%,9.0%,7.1%,5.4%,4.7%,5.7%,6.6%,5.4%,6.0%,3.3%,5.3%,4.9%,4.5%,5.2%,6.8%,6.0%,5.0%,5.0%,4.8%,7.0%,5.1%,4.8%,2.9%,3.0%,3.3%,3.0%,State.xlsx,,,,,,,,,,,,,,,,,,,,,,,,,,,,,,,Territories
XX,7.0,"In the last two weeks, did this business use Artificial Intelligence (AI) in producing goods or services? (Examples of AI: machine learning, natural language processing, virtual agents, voice recognition, etc.)",2.0,No,75.0%,72.5%,67.8%,72.6%,73.4%,72.1%,73.9%,74.3%,71.3%,73.8%,77.8%,76.5%,78.0%,76.5%,74.4%,74.5%,78.0%,77.2%,78.6%,77.6%,75.9%,74.6%,77.4%,78.9%,77.0%,80.7%,80.2%,82.1%,80.1%,82.3%,79.3%,82.0%,80.5%,80.4%,77.5%,74.8%,77.2%,80.8%,79.5%,75.7%,82.3%,80.9%,83.4%,84.2%,85.2%,84.7%,State.xlsx,,,,,,,,,,,,,,,,,,,,,,,,,,,,,,,Territories
XX,7.0,"In the last two weeks, did this business use Artificial Intelligence (AI) in producing goods or services? (Examples of AI: machine learning, natural language processing, virtual agents, voice recognition, etc.)",3.0,Do not know,13.3%,15.5%,18.4%,16.2%,17.1%,16.6%,16.3%,14.6%,17.1%,16.0%,14.4%,14.9%,14.0%,13.9%,16.6%,16.8%,14.2%,14.1%,14.9%,14.8%,16.3%,16.4%,15.5%,15.7%,18.3%,13.6%,13.2%,12.5%,14.0%,14.4%,15.4%,13.1%,15.1%,14.5%,15.7%,19.2%,17.8%,14.2%,15.6%,17.3%,12.5%,14.4%,13.8%,12.8%,11.5%,12.3%,State.xlsx,,,,,,,,,,,,,,,,,,,,,,,,,,,,,,,Territories
XX,26.0,"During the next six months, do you think this business will be using Artificial Intelligence (AI) in producing goods or services? (Examples of AI: machine learning, natural language processing, virtual agents, voice recognition, etc.)",1.0,Yes,16.4%,16.1%,19.7%,14.8%,15.4%,15.7%,13.0%,14.7%,17.1%,14.1%,12.0%,13.8%,13.7%,12.5%,13.8%,14.8%,13.3%,13.0%,8.6%,12.0%,12.2%,12.6%,10.5%,8.7%,8.9%,10.6%,9.2%,9.0%,9.7%,6.9%,8.7%,8.9%,9.4%,9.8%,9.2%,8.8%,8.1%,9.4%,8.3%,10.9%,7.5%,8.2%,6.1%,7.7%,7.3%,7.1%,State.xlsx,,,,,,,,,,,,,,,,,,,,,,,,,,,,,,,Territories
XX,26.0,"During the next six months, do you think this business will be using Artificial Intelligence (AI) in producing goods or services? (Examples of AI: machine learning, natural language processing, virtual agents, voice recognition, etc.)",2.0,No,51.5%,53.0%,50.3%,52.0%,53.4%,49.3%,53.3%,56.4%,50.0%,53.1%,56.4%,55.7%,56.4%,56.2%,56.4%,54.9%,58.1%,55.6%,58.7%,58.5%,53.9%,57.9%,58.8%,60.2%,58.2%,62.8%,59.4%,61.6%,61.2%,63.9%,59.2%,63.1%,61.5%,62.1%,55.6%,55.8%,54.4%,59.8%,59.7%,57.9%,66.7%,63.4%,66.4%,66.9%,65.3%,66.3%,State.xlsx,,,,,,,,,,,,,,,,,,,,,,,,,,,,,,,Territories
XX,26.0,"During the next six months, do you think this business will be using Artificial Intelligence (AI) in producing goods or services? (Examples of AI: machine learning, natural language processing, virtual agents, voice recognition, etc.)",3.0,Do not know,32.1%,30.8%,30.0%,33.2%,31.2%,35.1%,33.7%,28.9%,32.9%,32.8%,31.6%,30.5%,29.9%,31.3%,29.7%,30.3%,28.6%,31.4%,32.6%,29.5%,34.0%,29.5%,30.8%,31.2%,32.9%,26.6%,31.4%,29.5%,29.1%,29.2%,32.1%,28.0%,29.1%,28.1%,35.2%,35.4%,37.5%,30.8%,31.9%,31.2%,25.8%,28.4%,27.5%,25.4%,27.4%,26.6%,State.xlsx,,,,,,,,,,,,,,,,,,,,,,,,,,,,,,,Territories
